0,0,1
1,8,((((...)))).
2,1,(((((......)))))
3,23,((....)).((....))
4,26,..((((((((.....)).))))))..
5,15,(((((.....))..((.........)))))
6,30,.(((((((((((...)))))....)))))).
7,88,....((((((((.(....)).).).)))))....
8,41,((....)).((....)).((....)).((....))
9,66,.((.((.((..((.(...).)).))..))....)).
10,11,((((((.((((((((....))))).)).).))))))
11,3,((((((.((((....))))))).)))..........
12,57,((.(..(.(....).(....).)..).(....).)) 
13,40,..((((((((.....))))((((.....)))))))).. 
14,65,.(((((........)((((....))))..)))).......
15,20,(((((((.(.(.(.(((((((....)))))))))))))))))
16,33,.......(.(.(.(.(.((.((.(....).)).)).).).).).)
17,10,..........((((....))))((((....))))((((...))))
18,47,((((......(((((...))).((....)).........)).....))))
19,62,.((.((.((.((..((..((.((...))..)).)).))..))..))....)).
20,27,.....(((((.(.(.((.(.(((((((((....))))))))))))))))))).....
21,25,(((.....(((.....(((.....(((.....(((........))).))).))).))).)))
22,67,......(.........((((.....)))).........)...................... 
23,44,.....(((.(((((....)).)))(((.((....))))).)))....................
24,45,(((((((((....))))(((((....)))))(((((....)))))((((....))))))))). 
25,61,.....((.((.((...)).((...))...)))).((.((.((...)).((...))...)))).....
26,13,((((((((((((((((((((((((((...))))))....)))))))....))))))....)))))))
27,59,.....((((((.((((((((....))))))).)))((((((((((....)))))))))))))).....
28,18,((((((.....(((....(((...(((((.............)))))....)))..)))..)))))) 
29,72,..((((((((.......(.((((((....)))))).(((((((....))))))).).......))))))))..
30,75,......(((......((((..(....(((........)))....).....)))).......)))...........
31,52,.((......((......))......((......((......))......((......))......))......)).....
32,95,..(((((((((((((....)))))(((((....))))))))((((((((....)))))(((((....)))))))))))))..
33,43,.....(((((..((..((..(((..(((..((..((...)).)).))).))).)).)).))))).....................
34,71,....((....((....((....((..((..((...))..))....))......)).......)).........)).............
35,54,(((((((((....)))))(((((....)))))(((((....)))))(((((....)))))(((((....)))))(((((....)))))))))
36,34,.....((((.(((((....))))).(((....))).)).))....((((.(((....))).(((....))).))))....................
37,89,......((.((..((..(...(.((.((....))))..)...(.((..((....))..))..)...).))..)))).....................
38,87,....((((((((....((..(...................)..((...((....))...((....))........))......))))))))))....
39,46,.....((((((((((((....))))((((....))))))))((((((((....))))((((....))))))))))))....................
40,14,.....((...((....))...((....))...((....))...((....))...((....))...((....))...))....................
41,92,.......((.((.((...)).((...))...)))).((.((.((...)).((...))...)))).((.((.((...)).((...))...)))).......
42,79,......(.((((.((((....(...((((.(....).))))...)))))..((......((((....)))))).)))).).....................
43,49,.....(((.(..(.(((((.((((.((...)))).))))((((((...)).))))..(((...)))...))).)..).)))....................
44,5,..(.(..((((((....))))))..).)......((((..(((.(((((((((....)))))....)))))))))))..((((((((....))))))))..
45,55,.....((((((((((....)))(((....((((.(((.....))).((((((......)))...))))))))))))).))))....................
46,31,.....((((.((((((.(((.(((((.((((.((((.((.((.((.((.((.((.....)))))))))))))))))))))))))))))))))))))).....
47,48,.....((((((((...)))).((((((((...))))..((((...))))..((((...)))))))).((((...)))))))).................... 
48,37,.....((.((..(((((.(((....)))(((....)))))).....((((((....)))(((....))).)))))..)).)).....................
49,84,.....((((((((((....)))(((....((((((((...(((.....)))))))(((......))).))))))))))..))))....................
50,24,.....(.((((..(((((........)))))..(((.(((.(((((.....))))).((((....)))).))))))..)))).)....................
51,19,.....((((.(((((....)).))).(((.(((....)))))).((((((....)).)))).(((((....))).)))))).......................
52,29,.....((((((((..((((....))))..)))).((((..(...)..)))).((((..(..(((.....)))..)..))))))))....................
53,77,.....(((((((.(((((....)))).)))(((((.((..((((....))))..(((((......)))))..)).))))))))))....................
54,60,.....((((.(...(.((((.(.((((.((.((((.((.(((....))).).)))))).)))))....).)))).)...).))))....................
55,50,.....((((.(((((....))....))).(((....))).)).))....((((.(((....)...)).(((....))).))..))....................
56,21,.....((((((((....))))((((.((((....))))(((((....))))).((((....))))))))((((....))))))))....................
57,17,.....((....((....))....((....))....((....))....((....))....((....))....((....))....))....................
58,16,............((....))...((...((....))..((...((....))...))..((....))...))..((....))........................
59,9,.....((((((((..((((....))))..)))).((((..(...)..)))).((((..(..(((.....)))..)..))))))))....................
60,64,((...((....((.....((.........((..............................))...............)).........)).......))....))...
61,58,((((.((((.(((....))).(((....))).(((....))).(((....))).(((....))).(((....))).)))).(((((......)))))(((....)))))))
62,42,.....((((.((((.....((((...)))).))))...(((..((((((...)))...)))((((((...)))...))).)))...(((...(((....))).))).)))).....
63,93,........(((((((((((....))))..((((....))))..((((....)))))))))))..(((((((...))))..((((...))))..((((...))))))).........
64,2,(((((((....(((...........)))((((((((..(((((((((((((((((((...(((((......))))).)))))).)))))))))))))..))))))))..)))))))
65,83,.....((((.(((.((....))((....)).))).(((.((....))((....)).))).(((.((....))((....)).))).(((.((....))((....)).))).)))).....
66,32,.............................((((......((((....((((...((((..((((.((((.....)).)).)).))..)).))...)).)).....)).))......)).)).
67,35,.(((.(((...(((.(((...))).(((....))).)))...(((.(((....))).(((...))).)))...(((.(((....))).(((...))).)))...))).(((...))).)))..
68,36,.....(((((((...((((...((((...((((.........(((((............)))))...))))....((((..........))))...))))...(((........)))...))))..((......))...))))))).....
69,39,(((((.((((((.((((((.((((((.((((((.((((((....((((((......)))))).)))))).(((((...(((((((...)))))))))))).)))))).((((((((((((...)))))))...))))).))))))....))))))....))))))....)))))
70,70,...(((((((....((..((..(((..((..((..((..((..((..((...)).))..)).)).))..)).))).)).)))))))))........(((((((....((..((..(((..((..((..((..((..((..((...)).))..)).)).))..)).))).)).)))))))))...
71,4,((((((((((((((.((((((...........((((((((((((.....((((((((....(((((((((((((........))))))))))....))))))))....))))))....)))))...((((((.......))))))))))............)))))).))))....))))))...))))...
72,69,.((.((.....(((((...((.(((.........................))).))...))).))...)).)).(((..(((..((.......((....)).......)))))......))).(((((.......(((..((..(((..((.(((...............)))..))..)))..)).)))..))..))).
73,98,...(((((((...))))..((((...))))..((((...)))))))........(((((((...))))..((((...))))..((((...)))))))........(((((((...))))..((((...))))..((((...)))))))........(((((((...))))..((((...))))..((((...)))))))...
74,81,....((((..(((((..((((..((((.....))))((((((...))).)))))))((((((.((.((.(((((....)).)))))))(((((.((.((.((....))))))((((.(((....)).)).)))..)).)))))).))))))))(((.(((.(((.((((....))))))))))((((((((...))).)).))).)))))))
75,12,((((....))))...(((((((..(((((((.......))))))))))))))...((((((((......(((((((.(((((((.......))))))))))))))...((((((((((((((.......))))))).)))))))......))))))))...((((((((((((((.......)))))))..)))))))...((((....))))
76,82,...((((((....))))))(((((....)))))((((((....))))))(((((....)))))((((((....))))))(((((....)))))(((((....)))))((((((....)))))).(((((....)))))((((((....))))))(((((....)))))((((((....))))))(((((....)))))((((((....))))))
77,68,((((....).))).((((....).))).((((....).))).((((....).))).((((....).))).((((....).))).((((((((((((((((((((((...)))).))))))).(((((..((((((((((..(((((((...))))))).))))))))))((((.((((((...)))))))))))))))...))))))))))).((((....).))).((((....).))).((((....).))).((((....).))).((((....).)))
78,7,.....((((((((...((((((((((..((((..........))))..((((..........))))..((((..........))))..))))))))))...((((((((((..((((..........))))..((((..........))))..((((..........))))..))))))))))...((((((((((..((((..........))))..((((..........))))..((((..........))))..))))))))))...)))))))).....
79,78,(..(((..((((..((....((..((((....))....))..))))..))....))..))((..((..((..((((..((....((..((((..((....((....))))..))....))..))))..))((..((..((....))((..((((..((....((..((((....))....))..))))..))....))..))))..))..))..))((..((....((..((((..((....((....))))..))....))..))))..))))..))..)..)
80,38,...((....))....(((((((((.........)))))))))....((((.....)))).....(((....)))...(((((.......)))))....(((...((....)).....(((....)))....((((((.......))))))....(((....))).....((((((....(((.......)))..(((........)))...(((((......)))))...((((.....))))..)))))).........((....)).....((....))......(((((..........)))))......)))
81,51,((((((.((((((....)))))).(((....))).(((....))).((((((....)))))).(((....))).((((((....)))))).(((....))).(((....))).((((((....)))))).(((....))).((((((....)))))).(((....))).(((....))).((((((....)))))).(((....))).((((((....)))))).(((....))).(((....))).((((((....)))))).(((....))).((((((....)))))).(((....))).(((....))).((((((....)))))).))))))
82,86,.......((((.((((.(((.(((....))).(((.(((....))).(((.(((....))).(((.(((....))).(((.......))).))).))).))).))).(...).)))).((((...((.(((...((...))........))).(((.(((....)))(((....)))(((....)))))).))...((((.(...).(((.(((.(((.(((.(((....(((....))).))).(((....))).))).(((....))).))).(((....))).))).((((((....)))(((....))).(((....)))))).))).))))...)))).)))).......
83,96,(..(..(....)..(((..(.(.(((...)))..)..)..)))..(..(....)..).(..(....)..).....(....)..)..)..(..(..(....)..(((..(.(.(((...)))..)..)..)))..(..(....)..).(..(....)..).....(....)..)..)..((..(..(....)..(((..(.(.(((...)))..)..)..)))..(..(....)..).(..(....)..).....(....)..)..))..((..(..(....)..(((..(.(.(((...)))..)..)..)))..(..(....)..).(..(....)..).....(....)..)..))
84,99,(((((((((((((((((...(.(..((.(((.(((.((....).))).)))).).)..))..))))))).(((((..(.(..((.(((.(((((.(((.((((.((....).)))).))))).))).)))).).)..))..)(....)..))))(((((((((...))))).(((((...)))))(.(....).).)))).)))).((((.((((...(((((((...))))))).(((((...)))))))))(((((((...))))))).(((((...)))))))))((((..(....)(..(..(..(.(.(((.((((.((....).)))).)))).)..)..).)..))))).)))))).
85,73,((((...))))(((((((....))(((((..(((((((....))(((((((((...))))..((((...)))))))))((....)))))))..(((((((....))(((((((((...))))..((((...)))))))))((....)))))))..(((((((....))(((((((((...))))..((((...)))))))))((....)))))))..(((((((....))(((((((((...))))..((((...)))))))))((....)))))))..(((((((....))(((((((((...))))..((((...)))))))))((....)))))))..)))))((....)))))))((((...))))
86,28,...((((..(((((.....)))))..(((((...)))))..(((((.....)))))..(((((...)))))..(((((.....)))))..(((((.....))))).((((((((((((((((((((((((((((......))))).(((((.............((((.........................................)))).............)))))(((((....))))).)))))))))))))))))))))))..(((((.....)))))..(((((.....)))))..(((((.....)))))..(((((.....)))))..(((((....)))))..(((((.....))))).))))...
87,6,(((((((((((........)))).((...............))....(((((.......))))))))))))....(((((((..((((........))))(((.............)))....(((((.......))))))))))))....(((((((..((((........))))((((((.......))))))....(((((.......))))))))))))....(((((((..((((........))))((((((.......))))))....(((((.......))))))))))))....(((((((..((((........))))((((((.......))))))....(((((.......))))))))))))....
88,74,(..((....((..((....((..((....(..((..((....((..((..((....(..((..((..((....((..((..((..((....((..((..((..((..((....((..((..((..((..((....((..((..((..((..((..((....((..((..((..((..((..((....((..((..((..((..((..((......))..))..))..))..))..))))..))..))..))..))..))))..))..))..))..))..))))..))..))..))..))))..))..))..))..))))..))..))..))))..))..))..)))..))..))))..))..)))..))))..))))..)
89,100,......((.......((.((.......((.((...............)).........((...............)).)).......)).((.......((...............)).......)).((.......((.((...............)).........((...............)).)).......)).((.......((...............)).......)).((.......((.((...............)).........((...............)).)).......)).((.......((............((...............)).)).......)).)).......))......
90,56,(((((((((((.(((((..(((((....((((((..(((((...(((((..((((((.((((((((((((((....))))))))))))))..(((....))).(((((((((....)))))))))..(((((....))))).)))))).))))).))))).))))))...((((((((.....))).)))))..((((((((((((((((((((((((....)))))))))))))).))))))))))...(((((......)))))((((((((((....))))))))))...((((....))))..)))))..))))).((((.(((.(((....)))))))))).(((((((((....))))).)))).)))).))).))))...
91,94,(((..(((((((.....((((((...)))))).))))..((((((..(((...)))))).(((((...((((....))))....)))))..)))..)))..(((((((.....(((((....)))))......)))((((((((((...)))))(((((...)))))((((((((..(..(..(..(..(..((((....))))..).)..))..).))(((....)))..))))))...))))))))).(((((.((((......(((((((........((((.....))))))))...))).))))((((......((((((((....))))))..(((((...)).(((((...)))))..)))))....)))))))))...)))
92,85,(((((((((((((((.(((((.((.....)).((.....)).((.....)).((.....)).((.....)).))))).(((.....))).(((((.((.....)).((.....)).((.....)).((.....)).((.....)).))))).(((.....))).(((((.((.....)).((.....)).((.....)).((.....)).((.....)).))))).(((.....))).(((((.((.....)).((.....)).((.....)).((.....)).((.....)).))))).(((.....))).(((((.((.....)).((.....)).((.....)).((.....)).((.....)).))))).)))))))))))))))
93,91,((..(((((........(.((..((.(.....(....).((((((((.........((......((((.....))))......))...((..((.......(..(......)..)..((..((.....(....).((((.....(((.....(..((.(...).))..).....))).((((...(.......(..(.((...)).)..).......)...))))........)))).....((((((...)))))).))..))...........))..)).........(..((....)((((((.....(........).....))))))..)..)...))))))))........).))..)).).....(.......).)))))..)).
94,76,(((((....)).((((((....)))..((((.((((..(((....)))(((.((....))(((...)))((....)).)))(((....)))..)))).((((..(((....)))(((.((....))(((...)))((....)).)))(((....)))..)))).((((..(((....)))(((.((....))(((...)))((....)).)))(((....)))..)))).((((..(((....)))(((.((....))(((...)))((....)).)))(((....)))..)))).((((..(((....)))(((.((....))(((...)))((....)).)))(((....)))..)))).))))..(((....)))))).((....)))))
95,80,(....(((((...(((((...(((((....(((((...(((((...(((((..(((((....(((((...(((((...(((((..(((((...(((((...(((((..(((((...(((((..(((((..(((((..(((((..(((((.(((((.((((((((((.....))))).....))))).....))))).....))))).....))))).....))))).....))))).....))))).....))))).....))))).....))))).....))))).....))))).....))))).....))))).....))))).....))))).....))))).....))))).....))))).....))))).....))))).....).....
96,63,.....((((((((..((((....))))..((((....))))..((((....))))..((((....))))..)))))))).....((((((((..((((....))))..((((....))))..((((....))))..((((....))))..)))))))).....((((((((..((((....))))..((((....))))..((((....))))..((((....))))..)))))))).....((((((((..((((....))))..((((....))))..((((....))))..((((....))))..)))))))).....((((((((..((((....))))..((((....))))..((((....))))..((((....))))..)))))))).....
97,53,.......((.........((.........((.........((.........((.........((.........((.........((.........((.........((.........((.........((.........((.........((.........((.........((.........((.........((.........)).........)).........)).........)).........)).........)).........)).........)).........)).........)).........)).........)).........)).........)).........)).........)).........)).........))......
98,22,................................................................................................................................................................................................................................................................................................................................................................................................................
99,97,..(.((..(((((....(((((......))))))))))((((...((((.....))))))))(((..(((....)))))).(((...((((...((((......))))))))(((..(((.....))))))((.((....)))).((((....(((..(((......))))))((.((.....))))(((....))).(((((.....((.((......))))(((.....)))((....)).((((((......(((......)))((.....))...(((((((...))))))).......))))))......))))).....))))....)))...))..)...(.((.((((....((....))((....))((((((...)))))).)))))).)
100,90,(....)..(....(...(..(.(..(...(((.(((...((((....)))).(((((..(.(((..(.((((..(.((((..(.((((((((.((((((.(((((.((((.((((..((((...)))).))).)))))).))))).)))))).)))))))..).))))..).))))..).)))..).))))).)))...(((.(((((.(..(((.(..((((.(..((((.(..(((((((.((((((.(((((.((((((.(((.((((((....))))))..)))).)))).))))).)))))).)))))))).)..)))).)..)))).)..))).)..))))).((((....))))...))).)))...)..).)..)...)....)..(....)
