,sequences,structures,distances,comp_time
0,CCAAUGUCGCAUACAUCUUCACGUGCCCGGAACCGCAGCUAUCGAAUUAGUGUAUUCCGCAUUGGACAUGGUGUUAUUUGCGUUCGAGAAUACCAGAGACGUAGUGUGCACGUUUCCGUGGAAUGUUGGAAUUGG   52,(((((.((.((.((((.(((((((((((((((..(((.(((......)))))).)))))....)).))(((((((.((((....)))))))))))(((((((.......)))))))))))))))))))))))))).....,0,0.41395998001098633
1,UACCCUGGAUCAGGUAGUCCGGGGGCUGCAUACAUACGUUGUUACUCCAAGUGUUAUGUUUUCGAGCUGCACGUUGUCUAGACCGAGAAACGUGUGGAGGCACUUUCGUUGCCUCCCUUGGGUAUCGACCGGGUA   55   d= 2,(((((.((.((.((((.(((((((((((((((.((((.(((......)))))))))))).....))))(((((((.(((......))))))))))(((((((.......))))))))))))))))))))))))))............,2,1.4879813194274902
2,UAAGCUGUUCAUGUGGUACGGAUGGAUCCACUACAGUCAUGUUGGGACAUACUGGGUGGCAGGGCUCCCUACGUCGCUACCUGCGUAGGACGUGGCAUCUCGGACCCAGUGAGAUGAUCCGUCUGCUGACGUUUA   49   d= 2,(((((.((.((.((((.(((((((((.(((((.((((.((((....)))))))))))))......)))(((((((.((((....)))))))))))(((((((.......))))))))))))))))))))))))))............,4,2.198683261871338
3,AUUCUUAGAACUCGAACUUGUUGCUUCAGUCCUAGCAUUGCUGGCAUGCAGACGGGGCUUAGUGGAAGGUUAUGGCGUGCGCUGCCAUCCAUGACGCUGGGCUAACGAUGCCCGGCUAAUAAUUUGGUCUAGAAU   59   d= 6,(((((.(((.(.((((.((((((((((((((((..(..(((......))))..)))))).....))))(((((((.(((......))))))))))(((((((.......))))))))))))))))))))))))))............,10,5.984936714172363
4,GUUGGCGAGCCGAUAUGUUGGGGGCCCUUCAACGACUGUCGCGACGGCGAAGUUUUGGAAACCGUGGUUUGGGUGGUCGGGGUCCCGGCACCCAAAGGGAGAGGUAGUGUCUCCUUCCCCGUAUGUGGUCCCAAU   58,(((((.((.((.((((..((((((((((((((.((((.((((....)))))))))))))....).)))(((((((.((((....)))))))))))(((((((.......)))))))))))).))))))))))))).....,0,0.5684638023376465
5,GCUUACCUAAGUCAAAGGUUAGUCGGUGUAAGUCUUAGAUCGUUGGCGAUUAUAGGGCUUGUCGUCGCCGGUUCGCACGGCCGUCCGGCGGAUCCGCCCCGGUGGAUUAGCCUUGUUAGGUUGC   46   d= 2,((..((((((..(((.((((((((((((((((((((((((((....))))).)))))))))....))))(((((((.(((....))))))))))(((....)))))))))))))))))))).))............,4,3.214921474456787
6,CUUCGCAACUGUACUGGUCGUGCGAUGACGCGGAUUCACUACCACGAUAGGAAUCGUGUACGCCUAUCGGGCUGAGCGUACAGUUAUGUCAGCCCUGUCUCGUGUUUUUCGAGACAGUGCGACGGUCGUUUGAGG   50   d= 4,(((((.(((.(.((((.(((((((((((((((.((((.(((......)))))))))))).....))))(((((((.((((....)))))))))))(((((((.......))))))))))))))))))))))))))............,4,3.244943618774414
7,GGGUGUGGAUCGCCACUGGGGGAAGUUGCACUGGUAGUGCCGAUCCUGGCUUACAGUGUGGUACCGCUCGCAAGGAGCGCCAUGUCGCCUUUGCGUGGCCCAGGUUACAUGGGCCAUUCCCCGUGGGACUUACCC   49   d= 6,(((((.((.((.((((.((((((....((((((.(((.((((....))))))))))))).........(((((((.(((......))))))))))(((((((.......))))))))))))))))))))))))))............,12,6.558618068695068
8,GAUAUCACUCUAUGGGAGGAAUCGGGGGUUAGUUCGAUAGCGUAUAGGCUUUGACUGGCGGCUCUCCCCUAGUUCGACGGGUGACUGUGAGUUGGCGAAAGAUGGAUCCUUUUUCGGGUUCCCCCAAGGUAUGUU   52   d= 2,(((((.((.((.((((.((((((((((((((((.(((.(((......)))))))))))).....))))(((((((.((((....)))))))))))(((((((.......))))))))))))))))))))))))))............,2,2.608107328414917
9,CAGGUUGAUGCUGAUGAGCCUCCGAGCGUCUGCGUGUAGGAGUACAGUUCACACCAGAUUAGAGCCUCCCUGGAUCACUAAUUUCAGUAUCCAGGAGGCCGUACGUUUCACGGCCUGGAGGCCGUCGUUCGCCUG   38   d= 1,(((((.((.((.((((.(((((((((((((((.((((.(((......))))))))))))....).)))(((((((.(((......))))))))))(((((((.......))))))))))))))))))))))))))............,2,1.9054324626922607
10,UAUGUUGAUGGACGUUUCGUGGGCCGCUCGUUAGCUGCACAAACUAUUGUUAGUAAUGAACUAGUAGGGGCGCAUAUCAUGCAGCUGAAUGUGCCGGUUCGGACAAAGGCCGAGCUCUCAUGAAUGCCUCACGUG   49,(((((.((.((.((((.((((((((((((((((.(((.((((....)))))))))))))....)).))(((((((.(((......))))))))))(((((((.(....))))))))))))))))))))))))))).....,0,1.0013270378112793
11,AUGGUCUUAACAGGGUGUGGAGCCCGGGACGUGAAACAUUGAAAAGGUAGGUGCACGUUGAAUCCAGGUACGAUGCAUGGGAAUUCAUCAUCGUAGUUCUAAGGGGCUGUUAGGGCGUUCCAGCCCGUAAACCAU   56   d= 3,(((((.(((.(.((((.((((((((((((((((...((((.........))))))))))....)).))(((((((.((((....)))))))))))(((((((.......))))))))))))))))))))))))))............,4,2.4787111282348633
12,GGGUUACAGCGGUACUGCGGCCUAUGGGCUUCUGGUCGUGUUACUCUACAGACCGAAGCGUCACCCAUCACAGUCGUCAACGCAUUGGGGCUGUGCCUACUGGGACUUACAGUAGGAGGUUGGGUGCGUGAAUCC   52   d= 2,(((((.((.((.((((.(((((((((((((((.((((.(((......)))))))))))).....))))(((((((.((((....)))))))))))(((((((.......))))))))))))))))))))))))))............,2,2.0359017848968506
13,GUCCUCGCGCGUGUCAAUAAUCUGGCCAUGCUUUCAGGAGACGUAUGUCUACCCAGCAUUUCCGGACCACGACGUACGCGCCACUGCGACGUCGUGCACGGCGAGACCAGUCGUGCAGAUUAUGACCCGUAGGAU   45   d= 1,(((((.(((.(.((((.(((((((((((((((....((((((....)))).)).)))))....)).))(((((((.(((......))))))))))(((((((.......))))))))))))))))))))))))))............,2,1.2494573593139648
14,ACUCAUGGUACCUAGAUAAUGCUGAGGUCUGGCUUGGGAAAGAAUGCUUUCUUCGGGUUAAUUCAACCUUUUCUGGGUAGGUCCCUACCGGAAACGACACGUCGCAGUGUUACUAGACUGGGUG   56   d= 1,(((((..((..((((.((((((((((((.(((((((((((((....))))).)))))))).....))))(((((((.(((....))))))))))(((....)))))))))))))))))))))).............,2,1.2858386039733887
15,CGCGAAUCGUUGAUAAGUAACUCAUCCUAUGGGAUGUAGGAUCCCCAUCCUGUCAUUCCGUUAUCAGGGCAGGAAAUCAGGUAUUUGUUUCCUGAGGCACGCCUUGAGUUGCUAUCUGAUUCCG   45   d= 1,((.((((((..((((.((((((((((((((((((((((((((....)))))).))))))))....))))(((((((.(((....))))))))))(((....)))))))))))))))))))))))............,2,1.1746726036071777
16,dash,dash,100000,0
17,GGCUCGCAAUACGUCAGAUGCAUGCACGUGUGUUGGGUAGGGGACCCUCUUCCACACAUUCAAGUUGCUGCUAUUAUUUUCUUCAAGAUGUGGUACAUCCUCCUGCUCAGAGGGUGGUGUGUUGAUUAUGGGGCU   45,(((((.((.((.((((.((((((((((((((((.(((.((((....)))))))))))))....).)))((((((.(((((....)))))))))))(((((((.......)))))))))))))))))))))))))).....,0,0.4538991451263428
18,ACUAUUGGGUCGCAGCCGUGCCUCCCUGGACGCUGGUUACGCGCGGCCGUAUCAUGUUUUUGGAAGGGAAAGGUCGCUGGAACGCCAGGACCUUUGUCGUCGACGAACGCGACGACAGGCACGUUGGUUCGUGGU   44   d= 3,(((((.(((.(.((((.(((((((((((((((.((((.(((......)))))))))))).....))))(((((((.((((....)))))))))))(((((((.(....)))))))))))))))))))))))))))............,6,2.7674436569213867
19,GCACUGUGUGCCUCCAUUCUUUGCUUCCGUAUCAGAUGUGGGUGCCUCCACAAUCUGAUGCUUCAGGGGCGAGACGGACAACUCAGUUGUUUUGGUGUAGACGCGCAGAGAAGGAUAUAUAGGC   51   d= 1,((.(((((((..(((.((((((((((((((((((((((((((....))))).)))))))))....))))(((((((.((......)))))))))(((....)))))))))))))))))))))))............,2,2.082077741622925
20,GCGAGCUAUCCUACUACAUUGGAGGCGUGCCUACUGGAUUCUGACCAGGACCAGAGGCGGAUUCGACCGUGACUAAGGGGCUCACCUCUAGUUACCUAGGACUGGUUGGGUUUUAGUCUGAUUGGUGGUAUUCGU   53,(((((.((.((.((((.(((((((((((((((.((((.((((....)))))))))))))....)).))(((((((.((((....)))))))))))((((((((.....))))))))))))))))))))))))))).....,0,0.3815782070159912
21,ACGUGGUCGGGUCGAGUAAGCCUAAGGUCGCGUUCGUCUGUGCUCCCAUGGAACGAGCGUGUUACACCUCGCCCGUAUAUUCGAGUGAUGGGUGGUGCUCGCACUGGGUUUGUCGCUGUACGUA   48   d= 1,(((((..(((..(((.((((((((((((((((((((((((((....))))).)))))))))....))))(((((((.(((....))))))))))(((....)))))))))))))))))))))).............,2,2.0405263900756836
22,UGCCGUGCGGCGUGCCCUACUGCGGAUCGUGCCACGUUGGCCACCGUGUUACGCGUACGCCUUAAUCCGAUAGCAGUUCCUGACCGAGUGUUGUUUCCUGUUCUCGUUCAAUGGGUGUAGUAGGCAGUGCUGGUA   61   d= 4,(((((.(((.(.((((.(((((((((((((((..(((.(((......)))))).))))).....))))(((((((.(((......)))))))))).((((((.......)))))).)))))))))))))))))))............,6,6.808478832244873
23,GGUUGAUUUAGUUUGGUGCGCUACCCUGGAACUCAGGUAUGAAAUCUUGUACAUUGAGUUUUGCUGAGGGCGGACACGUUGACGGCGUGUCUGCGGGCCUGCUCGUAGCGCUUAAAAGAUUACC   38   d= 2,(((.(((((..(((((.(((((((((((((((((((((((((....)))))).)))))))))....)))(((((((((((...)))))))))))(((....)))))))))))))))))))))))............,4,1.6589539051055908
24,AUAAUCGAAGUGUAAUGCGUGUAGCUUGUGAACAUCGGAUAGCGACCUGUUGAGUUCAUCUAUUAAGCAGUCUGUCUCUGCGAGCGGAAUAGACUGGAGUCGGUAGACGUGGCUUCUACACGGUUGGCUCAUUAU   51   d= 3,(((((.((.((.((((.((((((((((((((((.(((.((((....))))))))))))).....))))(((((((.((((....)))))))))))(((((((.......))))))))))))))))))))))))))............,6,3.8698689937591553
25,CUAGCUCGCGUAGCCGCUGAGAUCCCGGAUGCUCAAUGCAUGAAAUCAUGGUUAGCAUCGACACAGGGGGUCCUUGCCUCCGCGGAGGGAGGAUUUGGAGCCUCGGACUGGCUCCAGUUUCACGGCAUCGGUUGG   45,(((((.((.((.((((.((((((((((((((((.(((.((((....)))))))))))))....).)))(((((((.((((....)))))))))))(((((((.......)))))))))))))))))))))))))).....,0,0.2147221565246582
26,GCGUUGUGUAAUCUUGCGUAUCUUGGUCCUUCCAUUCUUCAUCGUAGUGAAGGGGUGGGAGAAUCGGCCUCCGGCGCAGAGGCGUUUCGUCGGGCACCUUGGUGAGGAUGCGGAGAGCGGUGUU   43   d= 5,(((((((....((((.((((((((((((((((((((((((((....))))).)))))))))....))))(((((((.(((....))))))))))(((....)))))))))))))))))))))).............,6,1.862642765045166
27,GGUGGCCCGCUCAAGGCGAUGUUGUAAUUUGGUUGAUAUGGCUCCGGCUAAUCAUCAAACGUUUUUACUCAGAACAACACUACAGUGUUUUCUGACCGGGUGGCGUGAGCAUCUGGGAUAUCCUUUAGGGGUACC   57   d= 2,((((.(((.((.((((.((((((((((((((((.(((.((((....))))))))))))).....))))((((((.(((((....)))))))))))(((((((.(....)))))))))))))))))))))))))))............,2,2.7377467155456543
28,UUCAGAUAAUUGAUGAGGAUAGAGGGACAACUCUGUAGCACUAAGUUCAGACGGGACAACGAGGCCUAGAGCCCACCACGAGCGGCUUGCUGUUCUCAUUUGAAGUGGGGAUACGAGG   61   d= 8,((((.........)))).((((((......))))))........((((.....)))).....(((.....)))..((......))((((.((((((((((...)))))))))))))).............,12,7.360146522521973
29,AGCCGACAUCCAUACAACGGUCACCCGCGUGUUAAAUGGCAGGCUUAUGACCGAACGCGAAUCCGAGGCAAGGUAAGAGCAGUGACUCUACUUUGAUGCGAACACGCCAUUUGCAUUGGCCGUGUAGUUGCGGCU   45   d= 1,(((((.((....((((.((((((((((((((((...(((((......)).)))))))))....)).))(((((((.(((......))))))))))(((((((.......)))))))))))))))))..)))))))............,2,0.8329892158508301
30,GUGAUACCCCGGCACCUGCAAAAAACCUCGGGUCGUUAUUUAAUCGGAGAUGCACGACCUGUCCUAGGUCGAUAGGGCGACGAUCGCUCUAUCGCAGCGAGCUGGUUUUGUAGUGUGGGUGCAU   47   d= 1,(((.(((((..((((.(((((((.(((((((((((((((((......))))).))))))))....))))(((((((((((...)))))))))))(((....))).)))))))))))))))))))............,2,0.9432094097137451
31,ACGACCGUGGAGGCGAGUCCUAUUGCCGGUAUGAGUCCUUGCGACCCCGGGUGGCUCAUAUAGUAAGGCCAUCGGCUAUCAAGAGGUGCUGGUGCGGGAGCCCGAAUAGGACCGCUCAGUCGUC   44   d= 2,(((((..((..((((.(((((((((((.(((((((((((((......)))).))))))))).....)))(((((((.(((....))))))))))(((....)))))))))))))))))))))).............,4,2.121333122253418
32,GAGUUUGCACUACUCUUCUUGUUGCUUGAUGGCAUAUCGGUUUAUGGGCCAUAGCCAUCCACGAGGGCCGCCUAGUCAGGGAGUGUUGUUAGGUGAGCGAGUCCGUAUCAUUUGUUAACGAGCGAGAGGCAACUU   60   d= 3,(((((.((.((.(((..((((((((((((((((.(((.((((....))))))))))))).....))))(((((((.(((......))))))))))(((((((.......))))))))))))).))))))))))))............,4,5.070031642913818
33,UCUAGGGACAGCACUCUAGCGGUAUAGGAAUCUAUGUCUGUGCCGGUAUGGAGUAUGGAUUAAUGCCUGGAUGUACACUCGAGGAGUGUGCGUCGACCUGGGUCUACUGCUGAGUUGUCCCAGA   43   d= 2,(((.((((((..((((.(((((((((((((((((((((((((....)))))).))))))))....))))(((((((((((...)))))))))))(((....)))))))))))))))))))))))............,4,2.9911580085754395
34,GGCAGGGUACCUUGUCGGGGGAAGUAUUAUAUUUGUACUCCGGAGGCGGAGCUGCAGGUAUCCGACAUACUAUUGCUGGUUAGCACUGUGAUAGGGCCUGGGCUCUUCUCCCACGAUGCCCUCU   44   d= 4,((.((((((..((((.((((((((....((((((((((((((....))))).)))))))))........(((((((.(((....))))))))))(((....)))))))))))))))))))))))............,8,2.4477407932281494
35,ACCUCCGCAUGUGCCUAGCCGCUCCUGGGCGGGCAUGACGAACCUGAUCGGUCUCCGCUACUACAGUGGGUCGGUAUUACCUGUUUAAACCGGCCGCUUCAUAGUAACGGUGAGGCGGUGGCAGGCUAGCGAGGU   59   d= 2,(((((.((.((.((((.((((((.(((((((((...(((((......)).)))))))))....)))..(((((((.(((......))))))))))(((((((.......))))))))))))))))))))))))))............,4,1.910221815109253
36,dash,dash,100000,0
37,GCUGAUUCAUGUGGAUCGAUUGGUUACCCGGUGAAUUCGUGGUGUUUCGCGGCGUUCGCUGAAAUGGUGCCUCCGAAGGUGGAACUUUCGGAGGGGGCUCGCCCUCCGAUCGUCCAUGAAUUGC   40   d= 1,((.((((((..((((.(((((((.((((((((((((((((((....)))))).))))))))....))))(((((((((((...)))))))))))(((....))).)))))))))))))))))))............,2,0.9012489318847656
38,UUUUAUGUAUGUCAACUGCGGAAACUGUUUGUCCAAAUCUAGUCUACUACGAUGAUGGGUGUUCAUGUGAUAUGCUUCGGCGCGCCGUGUAUAUUUAGCGGUUAGGAGCACCGUUGUUCUGUGUUGCGGCUAGGA   71   d= 12,(((((.((.((.((((.((((((((((....((((.((((((....))).)))..))))....)).))(((((((..(((....))).)))))))(((((((.......)))))))))))))))))))))))))).............,12,14.582371950149536
39,GCAUCAGGUGAGUGAUAUCCUCCGAGUCCGUGAUGAGGCCUCGAUCGAGGCUUUCAUCACGAGAAGACUAUGACAACAGGGAGCUCUUUGUCGUGGGCGUGCCCCGGGGGGUUUAUACUUGGGC   39   d= 1,((.((((((..((((.((((((((((((((((((((((((((....))))).)))))))))....))))(((((((.(((....))))))))))(((....)))))))))))))))))))))))............,2,0.8467309474945068
40,AUCAUUUUUACGGUGUGACUUUCUCCUCUGACUUCUAUGCAGCUUUUCCAGG   11   d= 4,.((((.........))))......((((((.(......)))).......)))............,14,0.3832395076751709
41,AUGCGACGAUGCAUGGGUUGAAGCGCACAGCAGGUCUUCAUCAGGUAGUGAGAUUGCUGAUCCUUGCGAUCCGAGCAGACAGUAGUUUUUCGGAUGGGGUCUUAGUCGCGGAUUCUUUUCAACUAUCACGCGUAU   51   d= 3,(((((.((.((.((((.((((((((((((((((.(((.(((......)))))))))))).....))))(((((((.((((....)))))))))))(((((((.......))))))))))))))))))))))))))............,4,4.867970705032349
42,GGUUGUAGCGUAUCUUUAUGGCUGGACGUCGUCCGGUGCGUUCUAUAACGGCUGACGAUAUUGGAUCCCUGUUUUGUCUCAUCGGGGAAAAGCGGCUUGCGCGACGCAUGCGUAAGAGUCAUAGGAACCUUGAUC   49,(((((.((.((.((((.((((((((((((((((.(((.((((....)))))))))))))....).)))(((((((.((((....)))))))))))(((((((.......)))))))))))))))))))))))))).....,0,0.36420130729675293
43,AUGAUGUGAGCUGCAUACGGUCUGAGCGUGGACCACAUAAUGUUGCUAUUUGUGUUCACCGUAGCCUCGCUGUCGCAGGGUUUUCCUUCGAUGGCACACGCGAAAAGGACGUGUGUAGACCGAUGCGCCAGUUAU   37,(((((.((.((.((((.((((((((((((((((.(((.((((....)))))))))))))....).)))(((((((.((((....)))))))))))(((((((.......)))))))))))))))))))))))))).....,0,0.2776813507080078
44,GGUUCAUAGAGACUGUGUUAGAAGACGGGUCUAUAGGAGUUGCGUCCAACCUUUAGAUCGGUGACGUCGCUUGGCUGACUCUCCUGUCGUCGAGUCUCGUAGAGUGUUAUUACGGGUUUUAAACGGCCUGGAAUC   58   d= 3,(((((.(((.(.((((.((((((((((((((((.(((.((((....))))))))))))).....))))(((((((.(((......))))))))))(((((((.......))))))))))))))))))))))))))............,4,4.247217655181885
45,CGUGCUCUAAGGCGGACAUUUUGAAUCACCGACAGUUGGCCUGGCGAGGUCGUAUUGUCGGACAGUGGUAGGUUGGGUUGCUGGCGAUCAACCUCGGGACCCCGUUGAAAUGACGGUGGAGCCG   41   d= 1,((.((((((...((..((((((((((((((((((((((((((....)))))).))))))))....))))(((((((.(((....))))))))))(((....))))))))))).)).))))))))............,2,1.9510645866394043
46,CGAUUUCCGGUCCGUGAUAGCUACGGAAUGAAGACUUAUAAGACGCCUUACUUUUUCGUAGUAUCUCGGGGCACUAUAUCUGCGCAUAAGUGUCCGCCUGGUCCUCGAAACCAGGUUAGCUAUACGACGGAAUCG   45   d= 2,(((((.(((...((((.(((((((((((((((((....((((....))))..)))))))....)).))(((((((.(((......))))))))))(((((((.......))))))))))))))))).))))))))............,4,2.397854804992676
47,UAAAUACCAUGCGGUACGAAUAGCUCCCCACCCUGAUCGGACUGGGGUCCAUUGGGUGGUUAUGGUGGUGACGACGAGACGUUGAUCUGUCGUUAGGCCUCGGAGUGUGCGAGGCUUUGUUCUGCCCUGGAUUUA   56   d= 4,(((((.(((.(.((((.(((((((.((((((((.(((.((((....)))))))))))))....)).).(((((((.(((......))))))))))(((((((.......))))))))))))))))))))))))))............,4,3.241617441177368
48,UCCCAGCGUCCUCAGUAAGGGCCGGGUAUCAGUCGGUCGUCUAACGGGGCACCACUGGUCAACGACCUGAGGACGACACGAGGACGUGCGUCCUUUUUGUUAAUAGUGGUAACAGAGGCCUUGUUGGGUGUGGGA   38   d= 3,(((((.((.((.(((..((((((((((((((((.(((.((((....))))))))))))).....))))(((((((.((((....)))))))))))(((((((.......))))))))))))).))))))))))))............,4,2.242168903
49,GAUGGAUCGCGUAUACCAUGCUGCAGCCUUCGUACCGCGUACCGGCGUACUGGUCGAGGGGAUAUCUGGUGAAGUUCAUGCACGUAUGGCUUCAUGCCGCAUCACGCCCGUGUGGCCGGCAUGUGUUGGACUGUU   53   d= 2,(((((.((.((.((((.(((((((((((((((.((((.((((....)))))))))))))).....)))(((((((.((((....)))))))))))(((((((.......))))))))))))))))))))))))))............,4,4.279760122299194
50,AUAUGACUCUCGAUCGAACGCAGGGGAUGGGAGAGUUAGGAAGAGUGUCCUCGAUUUUCCUGGAGAUCCGCUUUCGAGCCGGACUGCCGGAGGUCUCCUUGGAGUCUGUGUUGGUUGGCGUGUA   53   d= 6,(((((....((((((.(((((((((((((((((((((((((......)))).)))))))))....))))(((((((.((......)))))))))(((....)))))))))))))))))))))).............,8,4.011877059936523
51,GAGUCUAGCAGCAGCCAUAUUUCGCCGAGGAUUAGCCAGCCCUCAAGGGAUUGAAUCUUAACACGAGCGCGACGGGCUGGUAGUCCAGUCGUUGUCACGAUACCGAAGAUGUUGUGGAAGUAGGUUUUCUGACUC   51   d= 1,(((((.((.((.((((.((((((((((((((((...((((((....))).)))))))))....)).))(((((((.((((....)))))))))))(((((((.......))))))))))))))))))))))))))............,2,1.491563320159912
52,CAUCUAUUGUGUCCGACGCGUUGGUCUGUGUGCAACGGUGGUCCAGGUCAUGUUCACACUACGGGGAUGCAGUCUACUUACGGUUAAGAGGUUGCUUUGGGGCAGGGCGUCUCGAACGACGUGCGGCCAAAGAUG   71   d= 3,(((((.(((.(.(((.((((((((((((((((.((((.(((......)))))))))))).....))))(((((((.((((....)))))))))))((((((((.....)))))))))))))))))))))))))))............,4,5.276281833648682
53,CGCCGGAUGCAAUAACUAAGAUGUAGGAGAGGGUCUUGCCCCUGCGGGGGCACGGACUCUCUUGGUCCUGAAAUGUUGUUAACGGCGACAUUUCUCGCUCGCGGACAUCUUGUUAUCGUUCGCG   35   d= 1,(((.(((((..(((((.(((((((((((((((((((((((((....)))))).))))))))....))))(((((((((((...)))))))))))(((....)))))))))))))))))))))))............,2,0.8508975505828857
54,UGCAUACGACUAUUUGUGUACCAGAGCCGGGACGCAUGAGUGUACGUACUAUGUUCCUGUUGAGCCUCAGUCCCUACAAGCAUGGUUGGGGGACUCUUUUGGGACGCGGCCGAGAGUGGUGCUAAAGGCGGUGUA   58   d= 2,(((((.((.((.((((.(((((((((((((((.((((.((((....)))))))))))))....).)))(((((((.(((......))))))))))(((((((.......))))))))))))))))))))))))))............,4,3.6293370723724365
55,CUUUAUGUCAGCGGCAUAGUUACGGAUAUGAUGGCUGGAAGCUCCGACUUCAGCAUCAUUAAUUGGCCUCACAGGAUUCUUCUUUGGGCCUGUGAUCUCUGGAUCCCACUCGGGGAGUGAUUUGCCCGGCUAGGG   54   d= 5,(((((.(((.(.((((.((((((....((((((.(((.(((......)))))))))))).........(((((((.(((......))))))))))(((((((.......))))))))))))))))))))))))))............,10,3.8007500171661377
56,UAUAUACUAGCGAUGGAUCAGCUCUGCUGCAAUUAUGUGUUUUUAGUGACUAUAUUGUAAAGUGCCAGGCUACAGCGCCAGGCCGGGCUUGUGGUAAUCGAAAUGGUAGUUUGAUUGGCUGACCGUGCAGAUGUA   43,(((((.((.((.((((.((((((((((((((((.(((.(((......))))))))))))....).)))(((((((.(((......))))))))))(((((((.......)))))))))))))))))))))))))).....,0,0.2185218334197998
57,CGAUUCUGUUGCGCAUCGCGGAUGGCAUGCACCGUCACGAGGAUCUUCUUUGAAGUGCAGGAAUAGCCGGUUGAUUGCGUGCUUUUGCAUCAGCUCCGGGCUAAGUCACGGUUCGGGUCUGUAUGCCACAAAUUG   65   d= 2,(((((.(((.(.((((.(((((((((.(((((..(((.((((....))))))).)))))......)))(((((((.(((......))))))))))(((((((.......))))))))))))))))))))))))))............,4,2.6033990383148193
58,CAUUGUCACGAGUUGAGUAUAUCGCCCGGCGUGAUGGUACGGCGUCCUGUCCACACGCUCCAUGCGGUGGUUUGGGCUAUUUCCUUAGUCAAACUUUUAGGUGCCGGAGACCUGAGGAUAUAACAGUCUGCAAUG   55   d= 1,(((((.((.((.(((..((((((((((((((((.(((.((((....)))))))))))))....).)))(((((((.(((......))))))))))(((((((.......))))))))))))).))))))))))))............,2,1.763232707977295
59,CGUGUCCUUUGUCCCGGCCGUUCCUAGGUGGGCGCGGGUUUCAGUCUGUUAUAUGGAACAUCAACUUAUAGGUUCAUAACUUUGC   26,(((((((.........(((.......)))))))))).((((((..........))))))...............................,0,0.8572092056274414
60,CUCGGAGGUCGCACUGUCCGGUGGACCUUUCCAGUAAGUCAUCAUUAUGGUUGUGGAGGCCCCGUGUCUGUUAUCGCUUCUGUCUGAGGAUAGCACUUUAAUUUCCCGUAUUGAGGCACCGGCGGUUGUCCUGGG   51   d= 2,(((((.((.((.((((.((((((((((((((((.(((.((((....)))))))))))))....).)))(((((((.(((......))))))))))(((((((.......))))))))))))))))))))))))))............,4,5.196276903152466
61,UACCUAGGUACCAUGCAUACGGGUCUCCACGGGAAGAUGUGAUAACUCGCGCUUUUCUCGCUUUAUGAGGGAAAGAGUUCUAAAGAAUCUUUUCGAGCGCGCUCACUCGUGUCAUUGCAGGUGA   46   d= 1,(((((..(((..(((.(((((((((((..(((((((((((((....))))).))))))))......)))(((((((.(((....))))))))))(((....)))))))))))))))))))))).............,2,0.8973329067230225
62,UUGCGCGCUCGAUGGCACGAGGGGUAAUUUAGACGAAGCUUUCUUCAAAGUUCGUUGAGUCGGGAUAUCGUGUUUGUCACUUAGAUGAAGACACGGGGGCCUAAAUUGCGGGUUCCCUUUCGGUUGCGGCCGCGA   53   d= 4,(((((.((.((.((((.((((((...((((((.((((.((((....))))))))))))))........(((((((.(((......))))))))))(((((((.......))))))))))))))))))))))))))............,8,4.585948944091797
63,UCGGCUCGUAUUUUCGUGAUAACUCGAAGACGUUGGAUAGGUUCUCACUUGAGUCGUCUCUUUUCGUAGUUUGUCGCUGGCUAGUUAGGAUGGGCUGCGCUUAACUUCGGGGCGCUGUUAUUCGGAUUCGGCCGA   53   d= 3,(((((.((....((((.((((((.((((((((.....(((((....)))))...)))))....))).((((((((.(((......)))))))))))((((((.......)))))).))))))))))..)))))))............,5,3.358421564102173
64,CGUGGUGCAUACUGGGUAUUUAAUCUUGCGUUUACGACAUCACCUACGAUUUGUAGCGUUAUCGAAGAAGGUUCCAUUCGUUCUUGGGGGAGCCUGAUAGGAUACAUGUUCUUAUUUUGGAUCCUAUAGUUCAUG   49   d= 2,(((((.((.((.((((.(((((((((((((((.((((.(((......)))))))))))).....))))(((((((.((((....)))))))))))(((((((.......))))))))))))))))))))))))))............,2,2.442814826965332
65,AUAGGAAGCUGUAGGUAGACUCCUCCUGUUGCAUUUAAGAGUAAGGUCUCGUUUGUGACUCUCAGCGAUGUGCCUGCUGACCGGGCGGAGGUAUACCGGAAGGCAUAAACUUUCGGGGGGUCGCUUCGCUCUUAU   58   d= 9,((((((.((.(.((((.((((((....((((((.....(((......)))...)))))).........(((((((.(((......))))))))))(((((((.......))))))))))))))))))))))))))............,18,7.489948511123657
66,GCGGACUGUCGCUGAGUGGCCGACGCCGUCUGGCUAGAUUAGUUCGGUAACUAGCGGAUCUUUGCGCGUGUCCGGCGCCGGCACUGGUCUGGACAAGCAAUUUAAUAGCAAUUGCUUCGGCCCUUACGUAUUCGU   50   d= 4,(((((.((.((.((((.(((((((((((((((.((((.(((......))))))))))))....).))))((((((.((((....))))))))))((((((((.......))))))))))))))))))))))))))............,2,2.812554359436035
67,CCGCACUCGCUGUUAGCUUCUCACCGCUGAGACCCCAUCAGGAUCCCCUGUGAGUUUUAUCCUGCCGGGAUCGUGGUGUGAUACCACGCAUGAUUGAGAGUUCCUAUUUGGCUUUCUGGGAACUAAAGGAUGCGG   52   d= 2,(((((.((.((.((((.((((((((((((((((..((.((((....)))))).))))))....).)))(((((((.((((....)))))))))))(((((((.......))))))))))))))))))))))))))............,2,2.7110280990600586
68,CUUUCAAGUUGUCGCCGAUGGGGUUCCGCUGUAGGCAAUCUUACGCGGGAUGUGCCUAUAGAAAAGGGAUGCAUCUGUCGUACUCGAAGAUGCAGGGCAUGCCCACCCCAUUGUGAGCGAAGGA   49   d= 1,(((((..((..((((.(((((((((((.((((((((((((((....))))).))))))))).....)))(((((((.(((....))))))))))(((....)))))))))))))))))))))).............,2,1.0826103687286377
69,UAGUGUACGCUGCGGAGCCUGAUACUUAACGGGACGAUGUUUGCCUCAGCUUGUCCGUUCGGGGGGCUUUCUGUUAGGUCUUUAGGCCGAUAGGGUCAUAUGGUUUAAACAUAUGAGUUGGGUCCGAGGUCAUUA   49   d= 6,(((((.((.((.((((.((((((.((.(((((.((((.(((......)))))))))))).))......(((((((.((((....)))))))))))(((((((.......))))))))))))))))))))))))))............,8,3.1838841438293457
70,UACGCACAACGUAUGAGUGUAUUGCGCGUGUGGAUUCAUGAAUUGCUUCUAUGUCACACUUAGGCUGCGGCAAAAUGCAUCGGUGUGUUUUUGCCUGAAGCGUCCGACCUGCUUCUAAUACAUCAUUGUGGCGUA   63   d= 2,(((((.((.((.((((.((((((((((((((((...((((((....))).)))))))))....)).))(((((((.((((....))))))))))).((((((.......)))))).)))))))))))))))))))............,2,2.288996458053589
71,CGAGUCGUCUCAUGACUAUAGAUAUGCGUUUAGAUCUGGAUAAACCAGUCCACGAUUUAAUCAGGUGCACUGGUGGGGGGUAACCCCCCGCCGGGACUAAAGUCAAUUUAUGUCAUGACGACCG   38   d= 1,((.((((((..(((((.((((((.((((.((((((((((((......))))).))))))).....))))(((((((((((...)))))))))))(((....))).)))))))))))))))))))............,2,0.847445011
72,GCGCGGUUUUCGCCAGCCCGAUUUGGCGUUCGAUGGUAGUCCCAGGGGACUGAUCAUCGAAAAAGAGCCUGCCGGGCAUCAUGGGGUUCCGGUACUGCGAGCAGGGGUUGGGUGGCAAACUGGC   56   d= 3,((.((((((..((((.(((((((((((.((((((((((((((....))))).))))))))).....)))(((((((.(((....))))))))))(((....)))))))))))))))))))))))............,6,5.241262197494507
73,CUUGUAUAGGACGCAAAUUGCGAUUACCAUCUCUUUGGGUAAUUGCAGUUCCCGGUUGCCAAUGGGCGACCGGGGCACGGUGUUGGGAAUCUCUAGCGUUGCCCUCAGUUUUUGUCAACAGGAAUUGACCAAGUGACAGCAGUACUGCUGUCGCUGCGGGUCUAGAUUUAGUAAUUUAGAUCUCUUGAGCGUAAGGCUAUUUGUGCUCAGGAUUAGCGGUGAAGAACCGACUUAUUGCUGGCGCGCUUAGCACCACGUCUUACGGUGCUAAGCUGGGAACUUACCGAUUCACAACCGGUAGGUUCGGGGUGGUAUUUGCACGAAUCUCGGAUACCAUUGACGCGUCCUGUGCGAGUGAGUGCUCUAGUUUGGCGUGUGCGUUCGCCCGACAAAUGGACGCACACUGUGACCGGGGUGAAUUGUUGUGUCAUUCUGGUCCGGACUUGGGGGCAGGAUCGGAGUGUCCUUGAGUGGGCGUUUGAGCAAACUUGUUAAUUGCUUGGACGGUUGGUACCUUCUUAAAGCAUGCAAGAGGGUACCAACGGUCAUGUCGUGGCUGAUGUGACUCCCGUGACUGAACAACGGUUCAGUCGCCCGUAAACGUAGGUCAACCUAUGUUUGACAGGUCGGUGGGAGGUUCUACUGACCGCCCAUAGGGCAGUCCUCUGUUCUAUGUUAGGGGAAUUUAGGUGUAGGUUUUUCUAGAAAUUAGAGUGUUCA  228   d= 9,((((((((((((((.(((((((((((((.........)))))))))))))((((((((((....))))))))))...((((((((((....))))))))))(((((((((((((....))))))))))...((((((((((....))))))))))(((((((((((((....))))))))))(((((((((((((....)))))))))))))((((((((((.........)))))))))))))((((((((((.........))))))))))...((((((((((.........)))))))))))))((((((((((.........))))))))))....))))))))))))))(((((((((((((((((((((((((((((.........)))))))))))...(((((((((((.........)))))))))))((((((((((((((.........)))))))))))((((((((((((((.........)))))))))))((((((((((((((.........))))))))))))))(((((((((......))))))))))))((((((((((....)))))))))))))((((((((((....))))))))))...((((((((((....)))))))))))))((((((((((....))))))))))(((((((((((((....))))))))))))))))))))))))))))............,18,139.38538789749146
74,AGAACUUUAGUUGACGACGUGUGAAUCGUGGUAAUCUCCUGACGGAACUCAAAGUUAGUGGGCGUCAAUGUCUUUCUAUCGUCAUACCUAAUG   24   d= 6,((((.....((((((((((.......)))......((((((((..........))))).))))))))))....))))............................,12,0.9009857177734375
75,AUCCCAGAAUGCUAGGAGGCCCUCAGUGGAACGUUGUAUGGCAUCAGUUAACAAGUUUUGGGAGUCUGGCGUUGCGUGAACCAUUUUAGCAACGCUUGCCCUCCAUAACGGGGCAAGGGGUCCUUAUAUCGGGAU   51   d= 1,(((((.((.((.((((.(((((((((((((((.((((.((((....)))))))))))))).....)))(((((((.((((....)))))))))))(((((((.......))))))))))))))))))))))))))............,2,1.3061978816986084
76,CAUCAUUGUAGUCGCUGUGUAGGAGGAAUUGGGACUCGCGGCACGAGCUGCGCGGUUCUGACAGCGUCCGGGUUUGCGGCUCAGUUGUAGAUCCACCCCGGGGUUCUUAUAUGUGAGCAGUAUG   55   d= 1,(((.(((((..((((.(((((((((((.((((((((((((((....)))))).)))))))).....)))(((((((((((...)))))))))))(((....)))))))))))))))))))))))............,2,1.6547996997833252
77,CGCCCUGUAGAUGGUUUCCCCACUGUACUUCCGUGGCGCCGCGUCACCGGGUUCGGGAGCCGAUUACAGCUUGCAUCGGUCAAAGUUGUGUAAGUGAAGCUUAAGGGGCGGGCUUUGUGGGGGGCUUCGCGGGCG   51   d= 5,(((((.((.((.((((.((((((((((((((((.(((.(((......)))))))))))).....))))(((((((.(((......))))))))))(((((((.......))))))))))))))))))))))))))............,8,7.9968812465667725
78,UGUAAAUGGCUGCGCUUUGUGUGGGGCGGAUGACUCGUGGCGAUGAUGCCAACUCAUCCGGGAGCCACGGAGGGUAGAAGUACAAUUCAUCUUCCCUCGGGGACUACACCCUCGAACGCACAUGCGACUGUUGCA   45   d= 3,(((((.(((...(((..((((((.(((((((((....((((......))))..))))))....)))..(((((((.(((......)))))))))).((((((.......)))))).)))))).))).))))))))............,6,2.929298162460327
79,GGUUCGUACGUCGCGCGAUCGUCCGCGAUAAGACUGAUGGGGGGGGCUCUGUACGGUCUUGGAUCUUGUUUGAAACUUUUAGGAGGGGUUUUGACGGCCGGCCGAGGCGAUGCGCGGUACGGCU   40   d= 1,(((.(((((..(((((.((((((.((((((((((((((((((....)))))).))))))))....))))(((((((((((...)))))))))))(((....))).)))))))))))))))))))............,2,1.2696964740753174
80,CGUCGCAAGUAACUCUGUUCUUUCGAUUAGGGCAGUUUGGGUCUCCGUCCAACUCUUUAACACACUGGUCGACCCAUUCACGAUAGAGGGGUCGAAUGUCCGAGCACGUUGGACAUAAGGGAGGGGUCUUCGACG   49   d= 5,(((((.(((..(((((.((((((...((((((.((((.(((......)))))))))))))........(((((((.(((......))))))))))((((((((.....)))))))))))))))))))))))))))............,8,4.611217737197876
81,UAAGGUGUUGGUGAUCCGUUGAAUCCCUUGUCUGAUUGUAAGUACGGUUGAGUCGACAGUGUUGCGGAGGGAUGAAUGCUUUUAAGUAUCAUCCUGGAUGGGUCCACUUUUCAUUUUUCGAUGAUCCCACUCUUA   54   d= 2,(((((.((.((.((((.(((((((((((((((.((((.(((......))))))))))))....).)))(((((((.((((....)))))))))))(((((((.......))))))))))))))))))))))))))............,4,8.232477427
82,GGGGUAGGAUAUUCUAGGGGGAUGGGUGUUGGGCGUAAGCUCGGCAGGGUUAUGCGCCUAGACUCCACCGGUAUACUCGGAAAACUGGUAUAUUUGGCGAGCCACAUUCUUCGGAGUCCCCCCU   41   d= 1,((((..((((..(((.((((((((((((((((((((((((((....))))).)))))))))....))))(((((((.(((....))))))))))(((....)))))))))))))))))))))).............,2,1.0522668361663818
83,CGGAGGCGGGCUCGCGCUUGUGCUGCGCUUUGGAUUGUCGUGCGCCCGCGCAAUCAGAGAAUUCCGUACUGAUGACGGGUUGGAUCCCUUAUUAGAGAGUGAAUACAAAUUACUCUGCACAAUGUGGCCGCUCCG   38   d= 3,(((((.(((.(.((((.(((((((((((((((.((((.((((....))))))))))))).....))))(((((((.(((......))))))))))(((((((.......))))))))))))))))))))))))))............,4,2.623900890350342
84,UGGUUUGUUGCGAGUAAUCUGGCGGGUUGUAGUGGGUUGGCGGAAAUGCCACUCUUAUAGAGGAGUCCUGUCACACUAGUCACCACUAUGUGGCAUCAUUAUAAGGUCCGUGAUGAGCUGGGUGCUGUACAACUA   62   d= 2,(((((.((.((.((((.(((((((((((((((.((((.((((....)))))))))))))).....)))(((((((.((((....)))))))))))(((((((.......))))))))))))))))))))))))))............,4,5.754798889160156
85,CAAGUUGCGCGCGAGACGGCGGGCACUGACAGGCUCGAUUUGUCACCAAAGCACCUGUUCAUAGAGUGGAUACUAUAUGGCCCUGCGUUAGUAUUGGUCGGGGAGGGAACCUGGUCUUCGCCUCUUCCGCAUUUG   46   d= 4,(((((.(((.(.((((.((((((((((((((((.....((((....))))...)))))).....))))(((((((.(((......))))))))))(((((((.......))))))))))))))))))))))))))............,6,5.003675461
86,CCACGUAGGCGUGGGUGUAGUCUCGUUGUGUCCGGACCUGAGUGCGAUCGUGGGGAUGCUUUAAACCGGUUUGCCCGCGGCUGUCCGUGGUAAAUAUCCUCGAAUCUGGCGAGGAUGGACUGACCUCCCUCGUGG   56   d= 5,(((((.(((.(.((((.((((((....((((((...(((((......))).)))))))).........(((((((.((((....)))))))))))(((((((.......))))))))))))))))))))))))))............,10,3.276719808578491
87,UAUGGAGACUAUGCUCCUGGCGUGCGUCACCGCGCACCUUUGCGUCCGGAGUGGUGGUGAAAUCUCGUGUAGGCGUAAAUGCUCGUUUUGCCUACUAUGUCAACGUGAGUGAUAUAACGUCACAGCUAUCCCGUA   52   d= 1,(((((.((.((.(((..((((((((((((((((.(((.((((....)))))))))))))).....)))(((((((.((((....)))))))))))(((((((.(....)))))))))))))).))))))))))))............,2,1.4622783660888672
88,GAGUAACGGCUGCUCGUCAGGUGGAUUGCGCUGUGGGCACGAGGCUACGUUACCAGUGUUUUGAAAUCGGGUGGGGCUGCACAGUCGGCUUGCUCAGGUGAUGCGGGGGAUCAUUGCGCCUGCGAGACUGUACUC   66   d= 6,(((((.(((...((((.((((((((((((((((.(...(((......)))..))))))).....))))(((((((.(((......)))))))))).((((((.(...).)))))).)))))))))).))))))))............,10,12.347126483917236
89,CGCCCGAGACGGAGGGAUAUCUUGGCCGAGCGGCCCGCUGCGCUAGCGCAUGGGCGUUCACGAUUGCCUUGCUCCGAUGGUAUGCUAUUGAGCAAAUAGUGGUAUCCCCUCACUAUGGGAUGCCCUUGCUGGGUG   46   d= 1,(((((.((.((.((((.(((((((((.(((((.((((.((((....)))))))))))))......)))((((((.(((((....)))))))))))(((((((.......))))))))))))))))))))))))))............,2,1.5999648571014404
90,GGAAUCGUCACUGGGCAUGGUUGGACUUUCGUACGGGUGUAUGCCAGUGCUCCUAUGAAGCAGGUGUCUUUGAUUGUCCGCAGGCGGAAGUCAGACUGCAUACGUCGUAUAUGCGGCAACCGGCCUGUAUAUUUC   41   d= 3,(((((.((.((.((((.((((((((((((((((.(((.((((....)))))))))))))).....)))(((((((.((((....)))))))))))(((((((.......))))))))))))))))))))))))))............,4,5.174755811691284
91,AUCCGCAUCAGUACUGAUCUGUCGCACAGUCCUUUUCUCCGGCGCGCCGGUAGCGGAUUCGAAGUAGCUACUAUAACCAGACGCGUGGUAUAGUAUUUUAUCGGGCUUGGGUAAGAGACAGGGAGUCUAUUGGAU   49   d= 1,(((((.((.((.(((..(((((((((((((((....((((((....)))).)).)))))....)).))(((((((.(((......))))))))))(((((((.......))))))))))))).))))))))))))............,2,1.4020507335662842
92,UGGUGUGAAUGCAAGAACUGGUCGGGAUCAUUAACUUGUGAGCGGGCUCGACACGAUGAAAACUCUCCGGAGUACGUGUUACGGGACGGUACUUCGCACUCGGGAGGAGCGGGUGCGACUGGUCUUUAUCUGCUA   68   d= 5,(((((.((.((.((((.(((((((((((((((....((((((....))).))).)))))....)))).(((((((.((((....)))))))))))(((((((.......))))))))))))))))))))))))))............,4,7.176041365
93,GGGGUAAGGUGGGCGACUGCGGAUUCAAUUUGUUUCUGGAUGGACCUAUCUAAGGAACGGACGUAUUGAUAGGCGUAUGUGUGGACGGCGUCUGCGGCCUGCCGGUUCGCAGCGCAUCGCUCCA   41   d= 2,(((((..(((..(((.((((((((((((((((((((((((((....))))).)))))))))....))))(((((((.(((....))))))))))(((....)))))))))))))))))))))).............,4,1.689199447631836
94,AGGUCAGAGCGAUAGACUUAUGCUGCCAUCCGGGGACUUUGCG   11   d= 5,(((((.........)))))..((..((......)).....)).............,10,0.17520403861999512
95,GCACUAGUACACGUUGGCCCGCUGGGUGAAGUCAUUGAGAUUGUAGGAUAUUCGACUUCGAGCGACCCCUUGUGCACGGGAUAAACUGGCAUGAGAUGGUACAUGGUCCGUGCCAGGGUGGGGAAUUGACAGUGC   52   d= 3,(((((.((.((.(((..((((((((((((((((...((((((....))).))))))))).....))))(((((((.(((......)))))))))).((((((.......)))))).)))))).))))))))))))............,4,2.8448562622070312
96,AAAAUGUGCGCAGGUGUAGCUGCGACGGAGGGCAGAGCUGUCGUGGUUACCCAAUUUCACGCGGGUGGAGUUGGCCCGUUAGCUUACGCACGUGAGCUAAUCCGGUAUAUAUGGAUCGCCAUGUGUGCGCCAUAUCACUCAACCAUGAGUGGUAUCCCUCUGCACAAGGAUACUUGUGUGGACGUCUUGGUGAUCUGCGGAUUGCCGAGACGCUGUGGACCUUUCGUCGUUAGGUCUACGGGGGGUUUUGUCAGUUACAAUUUUUGACGAAAUGGCUGGCCUCAUAGGGUAGAUGCGUGGGGCUACGGUCUGAGCUCUAACAACCUCGGGGUUUGGGGGGACCUGCGCACGUUUUCUUUGCGGGGGUGACGCCGACCGGCCUAUUCGCGUUCUGUAGGCCGGUCCCGGAGUGUUUAGUGUCGGUUCGAUUGAACGCUCGCCGUUGUCGUCGCUGGGCUUGUGUGACGGUAACCCAUAUUUGGUAGGGGUUGGAAACUUAUCAGAUAGAGGUGUUAUUUGGCCCGUAACCCUAAGUGGUGCCUCAGUCGGGUUAUCGGUGACCCGAGUUGGACCUGUGUGGAGCCUCACGCAGGUGGUGCAGUGGGGUACAAACCCCGUUGUCGGCGGUGAGCAGCACCCUGCUUGCCGGGCAGGCGGGUUUCGACGGGCCCGUCUUUGGGGAUAGUAAGGGAUUGCUAUCCCCAGGUCGUCCCUGCAGGG  238   d= 3,((((((((((((((((((((((((((((.........)))))))))))))((((((((((....))))))))))(((((((((((((....))))))))))(((((((((((((....))))))))))(((((((((((((....))))))))))(((((((((((((....))))))))))(((((((((((((....)))))))))))))((((((((((.........)))))))))))))((((((((((.........)))))))))))))(((((((((.(........)))))))))))))((((((((((.........))))))))))))))))))))))))))))(((((((((((((((((((((((((((((.........)))))))))))((((((((((((((.........)))))))))))((((((((((((((.........)))))))))))...(((((((((((.........)))))))))))((((((((((((((.........))))))))))))))(.((((((((....)))))))).)...((((((((((....)))))))))))))((((((((((....)))))))))))))((((((((((....)))))))))))))((((((((((....))))))))))(((((((((((((....))))))))))))))))))))))))))))............,6,70.34506225585938
97,GCGCCAUCGGCAGUUGAUAUUAAGCAGUAUACGAAUGCGUUUACAAGGACGUAAUUUGUAAGCCGACUGGAGAUCCUUGGUUACUAAGGAUCUCGGCCCGGGCCGUUAGUACGACUCGGUGGGC   41   d= 1,((.((((((..(((((.((((((.((((.(((((((((((((....)))))).))))))).....))))(((((((((((...)))))))))))(((....))).)))))))))))))))))))............,2,1.0261178016662598
98,UAACGCUGCGCUCGGGACAGGCUGGCCAGUCCUGCAUGAGUAUCUAUACUGUGCGGAUUUUAUAUGCCCCGACGGUCCUACUAGUAGGCCGUCGGCGGGUAGAUCGCUGUUGCUCGAGUCUGCUCGGUCACGUUA   47   d= 1,(((((.((.((.((((.(((((((((.(((((.((((.((((....)))))))))))))......)))(((((((.((((....)))))))))))(((((((.......))))))))))))))))))))))))))............,2,2.0367136001586914
99,ACGUUACGGCUCGACGUGGGGCUGGACGUUGAAGAUUGCGGCGCGUGCUGGAUCUCAACUGCGGAUCCGCUACCGAUUGCGCUUGCAGCGGUAGCCUACGUUUAGACCUAGUGUAGAGCCUCCGUCAGCGAACGU   47   d= 1,(((((.((.((.((((.(((((((((((((((.((((.((((....)))))))))))))....).)))(((((((.((((....)))))))))))(((((((.......))))))))))))))))))))))))))............,2,2.2022600173950195
100,GGCUGGUGUACUCUAUAUGCGUCGGGGAAGGAACGCGGUUCUGGAUAGAUAUCUUCUUUAACACUGUUGUCCUUGAUGAAAAAACUCGCGAGGAUCUGUUGGAAGAAGGCCAAUAGGACGUAAUGGGUCACGGCC   53   d= 4,(((((.((.((.((((.((((((.(..((((((...((((((....))).)))))))))..)......(((((((.(((......))))))))))(((((((.......))))))))))))))))))))))))))............,8,3.1379480361938477
101,CGCCGGCUUAACGAAUAUCAGGGUAGACCUCCGUGGGAUCGGGUCAUCGAUCUCUACGGAGUGUAGUCUGUUCACGUCGUCUGAUGACGUGAGCGGUGUUCACCACUUUGAGUUUGAGGUUGCG   45   d= 1,(((.(((((..(((((.(((((((((((((((((((((((((....)))))).))))))))....))))(((((((((((...)))))))))))(((....)))))))))))))))))))))))............,2,1.4517560005187988
102,CCCAACUCUACUCGUCCGGCAUUUGUGAGAUACAGUUUAUGCGGUCCCAUAGCUUAUCUUCUCCGGCAGCUGGUGUGGGUCCUGGUCCCGCUAGCAUAAAUCCGCCUACGAUUUGUAAUGUUGACGGUGAUUGGG   44   d= 3,(((((.((.((.((((.(((((((((((((((.((((.(((......))))))))))))).....)))(((((((.(((......))))))))))(((((((.......))))))))))))))))))))))))))............,4,3.771820068359375
103,CUUCUGCGUGCUAUGGCAAGGUGACCCCGACCUGUGGUCAGUUUUAACUGCUAGGGUUGCGCAGUGGUUCGGGCGGCGUUACGUGGCGUGCUCGGGACUUGAACAGUUUUUAAGUUCAUUUUCCAUGCCGAGGGG   56,(((((.((.((.((((.((((((((((((((((.(((.((((....)))))))))))))....).)))(((((((.((((....)))))))))))((((((((.....))))))))))))))))))))))))))).....,0,0.4779036045074463
104,UAUAUGAGAUUGCGGCGACGUUUUCCCGCACGGCGGGAUGCCACAUGGCGCCCCCGUGUGAUGUAGGAUUGACGGGUACAACACUGUACCGUUAAGUCCUUUGCCUUCCGAGGGACAGAUGUGCUGAACUGUAUA   38,(((((.((.((.((((.((((((((((((((((.(((.((((....)))))))))))))).....)))(((((((.((((....)))))))))))((((((((.....))))))))))))))))))))))))))).....,0,0.4744884967803955
105,GUGCCCAUUCUACGCACUUCGCGAUACCGCUUGUGACCCUACCAGCACAUCCUUGUCUGAAUGAUUCUGUAUCUCCGGCCCGACGUUUCGUGAUCGAGGGAGAACUUUGGUUUGAAGA   53   d= 6,((((.........)))).((((((......))))))......(((.(((....))))))................((......))(((((.((((((((.....))))))))))))).............,12,6.353846311569214
106,UCAGGUCUGGUCCUUUAGCGUCCUAUACAGGUUAGUGGAGCGCCAAAGCCUUCGACUUGGAGCUACUAGGUCCGUUAUGCAUCCGUGUACGGGCCCUUUAAUAGACGGGAUUAAGGGGACGCAAAGACAGUUUGA   56   d= 10,(((((.(((...((((.((((((....((((((...((((.((....)))))))))))).........(((((((.((((....)))))))))))(((((((.......))))))))))))))))).)))))))).............,14,6.3227763175964355
107,UGAUGUGUUGACUUGUCAUUUUUCCCCGCGUACCUGAUCGCGUAGCUGCGUUAGUGCGUUCUAGGAGGCACUGUGAGUGACCAAGCGCCACGGUGUGGGUGUAUCGGCAACAUUCAAAAGAUACAAUCGCCAUUA   56,(((((.((.((.((((.((((((((((((((((.(((.(((......))))))))))))....)).))(((((((.(((......))))))))))(((((((.......)))))))))))))))))))))))))).....,0,1.1993863582611084
108,CGUCCUCGUUGCGGACCGGCCGUGGCAACAUUGAAGCUCAGUCAAGAUUGGAGUAAUGUACCGUGACCGGGGUCUCAUCGUAUUUGAUAGAUCCUCGGGGCCUAAUCGCGGCCCUGGCGGUUUUCCCACGGGACG   59   d= 2,(((((.(((.(.(((..(((((((((((((((...(((((((....))).)))))))))....)).))(((((((.((((....)))))))))))(((((((.......))))))))))))).))))))))))))............,2,3.5955872535705566
109,UGUAGGGCGCGCGCACGAUGACCGCCGGGUUGAGACUAUCGCCAAAACGGUUACCAGCCAUGACGUGCGGGUUAUGACGAGGGUACGUGUAGCCUGUGAGAAGGAACAAUUCUUACGGUCAUGUGUCCGCUUACA   54   d= 3,((((((.((.(.((((.(((((((((((((((.(...((((......))))..))))))....)).))(((((((.(((......))))))))))(((((((.......))))))))))))))))))))))))))............,4,5.083604335784912
110,CCGCGAGUGACGCCUGAUACCGACGAACAGGUCUCUGUUAGUCUGAAUUGAUCAGGGAUCUCACGAUUCGUUACAUGAUUAUUAGGUGUGUGGCACGCUAGCGUGUCGGUGUAGGUCACUCGGG   46   d= 4,((.((((((..((((.((((((((....((((((((((((((....))))).)))))))))........(((((((.(((....))))))))))(((....)))))))))))))))))))))))............,8,3.7903852462768555
111,AUCAAUCGCCAAUCGUGCCUUAGAGGAUGGAUUGGGUUGCACCAUCGUGUACACCCAAUCCGCAAGUCUGUAUUUGUGUUCGGCGACCAAGUACCCGCCCGCGGUCUAGGGUUGAAGUUUGAUA   49   d= 1,(((((..((...(((.((((((((((((((((((((((((((....))))).)))))))))....))))(((((((.(((....))))))))))(((....)))))))))))))).))))))).............,2,2.8775689601898193
112,AUAAACUACAUGAGACCGACAUCGUAAUAGUUAUGUACCGUCUGGCCUGCCAGCCUUCACCCCGAAAAGCCGGCCUUACGUGGGCGCCCGCGUGAGGCUCUGGUGCAUGACUAUUUUCCCUGGACGCAGCCUCCAGAGUUUGUUAC   59   d= 4,(((((((..((((........))))(((((((((((((((.((((....)))).)(((.....))).....((((((((((((....))))))))))))..))))))))))))))....(((((.......))))))))))))...............,8,4.197795391082764
113,UCAAACUCAUCACGCGGCAGUGAGUGCGGCGCGACAUGGGUUCAUUAAUCACACGUGCUCCUGGCUACGAAAUAUCAGGGACAUCUCUAUAUUUCCGUUGCUCGAUGCUAGCAACGUCACUGUGCGGAGAUUUGA   59   d= 1,(((((.((.((.((((.((((((((((((((((...((((((....)))).))))))))....)).))(((((((.((((....)))))))))))(((((((.......))))))))))))))))))))))))))............,2,1.8396835327148438
114,UGUCGGGAUAGCGGCGAUCAGAUCGCCCCUUGGCCUGUGGAGCGUGCUUCAGCAGGUUAGGUCGCUGGCGCGAUCUGUCCUCUCGGAAGAUUGCUAGACGUCUAGAUCUGAUACCCAUUCUACA   46   d= 2,(((.(((((.(.((..(((((((((((.((((((((((((((....))))).))))))))).....)))(((((((.(((....))))))))))(((....))))))))))).)))))))))))............,4,2.244152545928955
115,GUUAUUCUAGUGAUAGUUCUUGGGUGCCUUGAUCGUCACGCAGUCUUGCGGGCAUCAAGGGGAACCACGAUUCCGUGGGGGAGAUCCCUGGAAUUUUUAGGGGGUAACGCCCUAAGCCGAGAGUGUACAGGUAGC   46,(((((.((.((.(((.(((((((((((((((((.(((.((((....)))))))))))))).....)))(((((((.((((....)))))))))))(((((((.(...).)))))))))))))))))))))))))).....,0,0.31528401374816895
116,CGACUAUUAGGGCUUGGACAGUUCAUGUUAUGGCUGGGCAUUUAGAACAACGGGGGUGCACGCAGGUUUGGG   32   d= 8,.........(((((((..(((((........))))).((((((..........))))))...)))))))...............,14,1.6227047443389893
117,AGACUGUUAAGGAUCUGGCAAUCCAGGUUUUGUACUUCAAUCUACCCAGUUUUUCGGAAGAAGCUGGACGCUAUGAGGUACUUCCAAGCUGGUUUCGGUUUGGAAUAGCGGUCUGGGGGACUUCGUGAUCUUGACUAAGAUUGUGGACAGAGGUUGUUUUCCAAAUUUUAAGGAUAUUUGGAAUUUGAUUCCAGGCUUUUGAUGUGCAAAUCCAGAAGUGGGUUUGCACAUGUCUCCU   61,((((((((((((((((((....)))))))))((((((((......(((((((((....)))))))))......))))))))((((((((((....)))))))))))))))))))((((((((((((((((((....)))))))))))((((((((......(((((((((((....)))))))))))......))))))))(((((((((((((....)))))))))))))))))))).....,0,0.18086647987365723
118,GCAUAAUAUCGUCUGUCGAGAGGAUGGUGAGGCUCUGUCGGCGCUGCCCGUAGAUCUCAGAGACACAUCUGUGCAACUAAUAUAUUGGUGCGCGGGUACUUUUCCGACUGGAGUGCCCUCUUAUAGCAUGUAUGU   63   d= 6,(((((.(((.(.((((.((((((....(((((.((((.(((......)))))))))))).........(((((((.((((....)))))))))))(((((((.......))))))))))))))))))))))))))............,12,6.036988019943237
119,GAUCGAUGCAGAGCCCUAUUAUGCUCGCCGUUUGGGCUAGCGCUUGCGCUGUUCAACGGAAGUCUGAGGGCAUAGAUUAUCCCAGUGACUGUGUCAUACUAUCUGGGCUGUAGUGUUAUGAUGGGCCUCACGGUC   50   d= 3,(((((.((.((.((((.(((((((((((((((.((((.((((....))))))))))))).....))))(((((((.((((....)))))))))))(((((((.......))))))))))))))))))))))))))............,6,3.6863744258880615
120,UGGCUGAUACUCAUUUCACCUACAGUUGCGGGUUGCACGCGGGAGGCCGCUGCGCCCGUCUUAGAACUGGGAAAGACCGUGUACACUGCUUUUUCGGAUUUGUAAGCCCCAGGUCCGUAGGUAGAUAGAUGGCCA   50   d= 2,(((((.((.((.((((.((((((((((((((((.(((.((((....))))))))))))).....))))(((((((.(.((....)).))))))))(((((((.......))))))))))))))))))))))))))............,2,1.4336376190185547
121,AUAUGCGCACGACUUGACACUAUGUGGUAGAGUAUCAGCGAAAUUUAUCGUGGUUUUUAGAGUCUCACCCCAACUUGGGAGAUAGCUCGGUUGGGAACACUCGGGCCUGGAGUGUUGUAGUGCGAGCGGUUAUGU   42   d= 2,(((((.((.((.((((.(((((((((((((((.((((.(((......)))))))))))).....))))(((((((.(((......))))))))))(((((((.......))))))))))))))))))))))))))............,2,1.6695334911346436