,((((((((((((((((((((((((((...))))))....)))))))....))))))....))))))),(((((((((((((((((...(.(..((.(((.(((.((....).))).)))).).)..))..))))))).(((((..(.(..((.(((.(((((.(((.((((.((....).)))).))))).))).)))).).)..))..)(....)..))))(((((((((...))))).(((((...)))))(.(....).).)))).)))).((((.((((...(((((((...))))))).(((((...)))))))))(((((((...))))))).(((((...)))))))))((((..(....)(..(..(..(.(.(((.((((.((....).)))).)))).)..)..).)..))))).)))))).,(((((((((((((((.(((((.((.....)).((.....)).((.....)).((.....)).((.....)).))))).(((.....))).(((((.((.....)).((.....)).((.....)).((.....)).((.....)).))))).(((.....))).(((((.((.....)).((.....)).((.....)).((.....)).((.....)).))))).(((.....))).(((((.((.....)).((.....)).((.....)).((.....)).((.....)).))))).(((.....))).(((((.((.....)).((.....)).((.....)).((.....)).((.....)).))))).))))))))))))))),((((((((((((((.((((((...........((((((((((((.....((((((((....(((((((((((((........))))))))))....))))))))....))))))....)))))...((((((.......))))))))))............)))))).))))....))))))...))))...,(((((((((((.(((((..(((((....((((((..(((((...(((((..((((((.((((((((((((((....))))))))))))))..(((....))).(((((((((....)))))))))..(((((....))))).)))))).))))).))))).))))))...((((((((.....))).)))))..((((((((((((((((((((((((....)))))))))))))).))))))))))...(((((......)))))((((((((((....))))))))))...((((....))))..)))))..))))).((((.(((.(((....)))))))))).(((((((((....))))).)))).)))).))).))))...,(((((((((((........)))).((...............))....(((((.......))))))))))))....(((((((..((((........))))(((.............)))....(((((.......))))))))))))....(((((((..((((........))))((((((.......))))))....(((((.......))))))))))))....(((((((..((((........))))((((((.......))))))....(((((.......))))))))))))....(((((((..((((........))))((((((.......))))))....(((((.......))))))))))))....,(((((((((....))))(((((....)))))(((((....)))))((((....))))))))).,(((((((((....)))))(((((....)))))(((((....)))))(((((....)))))(((((....)))))(((((....))))))))),(((((((.(.(.(.(((((((....))))))))))))))))),(((((((....(((...........)))((((((((..(((((((((((((((((((...(((((......))))).)))))).)))))))))))))..))))))))..))))))),((((((.((((((((....))))).)).).)))))),((((((.((((((....)))))).(((....))).(((....))).((((((....)))))).(((....))).((((((....)))))).(((....))).(((....))).((((((....)))))).(((....))).((((((....)))))).(((....))).(((....))).((((((....)))))).(((....))).((((((....)))))).(((....))).(((....))).((((((....)))))).(((....))).((((((....)))))).(((....))).(((....))).((((((....)))))).)))))),((((((.((((....))))))).)))..........,((((((.....(((....(((...(((((.............)))))....)))..)))..)))))),(((((.((((((.((((((.((((((.((((((.((((((....((((((......)))))).)))))).(((((...(((((((...)))))))))))).)))))).((((((((((((...)))))))...))))).))))))....))))))....))))))....))))),(((((....)).((((((....)))..((((.((((..(((....)))(((.((....))(((...)))((....)).)))(((....)))..)))).((((..(((....)))(((.((....))(((...)))((....)).)))(((....)))..)))).((((..(((....)))(((.((....))(((...)))((....)).)))(((....)))..)))).((((..(((....)))(((.((....))(((...)))((....)).)))(((....)))..)))).((((..(((....)))(((.((....))(((...)))((....)).)))(((....)))..)))).))))..(((....)))))).((....))))),(((((.....))..((.........))))),(((((......))))),((((.((((.(((....))).(((....))).(((....))).(((....))).(((....))).(((....))).)))).(((((......)))))(((....))))))),((((...))))(((((((....))(((((..(((((((....))(((((((((...))))..((((...)))))))))((....)))))))..(((((((....))(((((((((...))))..((((...)))))))))((....)))))))..(((((((....))(((((((((...))))..((((...)))))))))((....)))))))..(((((((....))(((((((((...))))..((((...)))))))))((....)))))))..(((((((....))(((((((((...))))..((((...)))))))))((....)))))))..)))))((....)))))))((((...)))),((((...)))).,((((....))))...(((((((..(((((((.......))))))))))))))...((((((((......(((((((.(((((((.......))))))))))))))...((((((((((((((.......))))))).)))))))......))))))))...((((((((((((((.......)))))))..)))))))...((((....)))),((((....).))).((((....).))).((((....).))).((((....).))).((((....).))).((((....).))).((((((((((((((((((((((...)))).))))))).(((((..((((((((((..(((((((...))))))).))))))))))((((.((((((...)))))))))))))))...))))))))))).((((....).))).((((....).))).((((....).))).((((....).))).((((....).))),((((......(((((...))).((....)).........)).....)))),(((.(((((((...))))..))))))...(((.(((((((...))))..))))))...(((.(((((((...))))..))))))...(((.(((((((...))))..))))))...(((.(((((((...))))..))))))...(((.(((((((...))))..))))))...(((.(((((((...))))..))))))...(((.(((((((...))))..))))))...(((.(((((((...))))..)))))),(((..(((((((.....((((((...)))))).))))..((((((..(((...)))))).(((((...((((....))))....)))))..)))..)))..(((((((.....(((((....)))))......)))((((((((((...)))))(((((...)))))((((((((..(..(..(..(..(..((((....))))..).)..))..).))(((....)))..))))))...))))))))).(((((.((((......(((((((........((((.....))))))))...))).))))((((......((((((((....))))))..(((((...)).(((((...)))))..)))))....)))))))))...))),(((.....(((.....(((.....(((.....(((........))).))).))).))).))),((.(..(.(....).(....).)..).(....).)),((..(((((........(.((..((.(.....(....).((((((((.........((......((((.....))))......))...((..((.......(..(......)..)..((..((.....(....).((((.....(((.....(..((.(...).))..).....))).((((...(.......(..(.((...)).)..).......)...))))........)))).....((((((...)))))).))..))...........))..)).........(..((....)((((((.....(........).....))))))..)..)...))))))))........).))..)).).....(.......).)))))..)).,((...((....((.....((.........((..............................))...............)).........)).......))....))....,((....)).((....)),((....)).((....)).((....)).((....)),(..(((..((((..((....((..((((....))....))..))))..))....))..))((..((..((..((((..((....((..((((..((....((....))))..))....))..))))..))((..((..((....))((..((((..((....((..((((....))....))..))))..))....))..))))..))..))..))((..((....((..((((..((....((....))))..))....))..))))..))))..))..)..),(..((....((..((....((..((....(..((..((....((..((..((....(..((..((..((....((..((..((..((....((..((..((..((..((....((..((..((..((..((....((..((..((..((..((..((....((..((..((..((..((..((....((..((..((..((..((..((......))..))..))..))..))..))))..))..))..))..))..))))..))..))..))..))..))))..))..))..))..))))..))..))..))..))))..))..))..))))..))..))..)))..))..))))..))..)))..))))..))))..),(..(..(....)..(((..(.(.(((...)))..)..)..)))..(..(....)..).(..(....)..).....(....)..)..)..(..(..(....)..(((..(.(.(((...)))..)..)..)))..(..(....)..).(..(....)..).....(....)..)..)..((..(..(....)..(((..(.(.(((...)))..)..)..)))..(..(....)..).(..(....)..).....(....)..)..))..((..(..(....)..(((..(.(.(((...)))..)..)..)))..(..(....)..).(..(....)..).....(....)..)..)),(....(((((...(((((...(((((....(((((...(((((...(((((..(((((....(((((...(((((...(((((..(((((...(((((...(((((..(((((...(((((..(((((..(((((..(((((..(((((.(((((.((((((((((.....))))).....))))).....))))).....))))).....))))).....))))).....))))).....))))).....))))).....))))).....))))).....))))).....))))).....))))).....))))).....))))).....))))).....))))).....))))).....))))).....))))).....))))).....).....,(....)..(....(...(..(.(..(...(((.(((...((((....)))).(((((..(.(((..(.((((..(.((((..(.((((((((.((((((.(((((.((((.((((..((((...)))).))).)))))).))))).)))))).)))))))..).))))..).))))..).)))..).))))).)))...(((.(((((.(..(((.(..((((.(..((((.(..(((((((.((((((.(((((.((((((.(((.((((((....))))))..)))).)))).))))).)))))).)))))))).)..)))).)..)))).)..))).)..))))).((((....))))...))).)))...)..).)..)...)....)..(....),.(((((((((((...)))))....)))))).,.(((((........)((((....))))..)))).......,.(((.(((...(((.(((...))).(((....))).)))...(((.(((....))).(((...))).)))...(((.(((....))).(((...))).)))...))).(((...))).)))..,.((.((.((.((..((..((.((...))..)).)).))..))..))....)).,.((.((.((..((.(...).)).))..))....)).,.((.((.....(((((...((.(((.........................))).))...))).))...)).)).(((..(((..((.......((....)).......)))))......))).(((((.......(((..((..(((..((.(((...............)))..))..)))..)).)))..))..))).,.((......((......))......((......((......))......((......))......))......)).....,..(((((((((((((....)))))(((((....))))))))((((((((....)))))(((((....)))))))))))))..,..((((((((.....))))((((.....))))))))..,..((((((((.....)).))))))..,..((((((((.......(.((((((....)))))).(((((((....))))))).).......))))))))..,..(.((..(((((....(((((......))))))))))((((...((((.....))))))))(((..(((....)))))).(((...((((...((((......))))))))(((..(((.....))))))((.((....)))).((((....(((..(((......))))))((.((.....))))(((....))).(((((.....((.((......))))(((.....)))((....)).((((((......(((......)))((.....))...(((((((...))))))).......))))))......))))).....))))....)))...))..)...(.((.((((....((....))((....))((((((...)))))).)))))).),..(.(..((((((....))))))..).)......((((..(((.(((((((((....)))))....)))))))))))..((((((((....))))))))..,...(((((((...))))..((((...))))..((((...)))))))........(((((((...))))..((((...))))..((((...)))))))........(((((((...))))..((((...))))..((((...)))))))........(((((((...))))..((((...))))..((((...)))))))...,...(((((((....((..((..(((..((..((..((..((..((..((...)).))..)).)).))..)).))).)).)))))))))........(((((((....((..((..(((..((..((..((..((..((..((...)).))..)).)).))..)).))).)).)))))))))...,...((((((....))))))(((((....)))))((((((....))))))(((((....)))))((((((....))))))(((((....)))))(((((....)))))((((((....)))))).(((((....)))))((((((....))))))(((((....)))))((((((....))))))(((((....)))))((((((....)))))),...((((..(((((.....)))))..(((((...)))))..(((((.....)))))..(((((...)))))..(((((.....)))))..(((((.....))))).((((((((((((((((((((((((((((......))))).(((((.............((((.........................................)))).............)))))(((((....))))).)))))))))))))))))))))))..(((((.....)))))..(((((.....)))))..(((((.....)))))..(((((.....)))))..(((((....)))))..(((((.....))))).))))...,...((....))....(((((((((.........)))))))))....((((.....)))).....(((....)))...(((((.......)))))....(((...((....)).....(((....)))....((((((.......))))))....(((....))).....((((((....(((.......)))..(((........)))...(((((......)))))...((((.....))))..)))))).........((....)).....((....))......(((((..........)))))......))),....((((((((.(....)).).).)))))....,....((((((((....((..(...................)..((...((....))...((....))........))......))))))))))....,....((((..(((((..((((..((((.....))))((((((...))).)))))))((((((.((.((.(((((....)).)))))))(((((.((.((.((....))))))((((.(((....)).)).)))..)).)))))).))))))))(((.(((.(((.((((....))))))))))((((((((...))).)).))).))))))),....((....((....((....((..((..((...))..))....))......)).......)).........)).............,.....((((((((((((....))))((((....))))))))((((((((....))))((((....))))))))))))....................,.....((((((((((....)))(((....((((((((...(((.....)))))))(((......))).))))))))))..))))....................,.....((((((((((....)))(((....((((.(((.....))).((((((......)))...))))))))))))).))))....................,.....((((((((..((((....))))..((((....))))..((((....))))..((((....))))..)))))))).....((((((((..((((....))))..((((....))))..((((....))))..((((....))))..)))))))).....((((((((..((((....))))..((((....))))..((((....))))..((((....))))..)))))))).....((((((((..((((....))))..((((....))))..((((....))))..((((....))))..)))))))).....((((((((..((((....))))..((((....))))..((((....))))..((((....))))..)))))))).....,.....((((((((..((((....))))..)))).((((..(...)..)))).((((..(..(((.....)))..)..))))))))....................,.....((((((((...((((((((((..((((..........))))..((((..........))))..((((..........))))..))))))))))...((((((((((..((((..........))))..((((..........))))..((((..........))))..))))))))))...((((((((((..((((..........))))..((((..........))))..((((..........))))..))))))))))...)))))))).....,.....((((((((...)))).((((((((...))))..((((...))))..((((...)))))))).((((...))))))))....................,.....((((((((....))))((((.((((....))))(((((....))))).((((....))))))))((((....))))))))....................,.....(((((((.(((((....)))).)))(((((.((..((((....))))..(((((......)))))..)).))))))))))....................,.....(((((((...((((...((((...((((.........(((((............)))))...))))....((((..........))))...))))...(((........)))...))))..((......))...))))))).....,.....((((((.((((((((....))))))).)))((((((((((....)))))))))))))).....,.....(((((.(.(.((.(.(((((((((....))))))))))))))))))).....,.....(((((..((..((..(((..(((..((..((...)).)).))).))).)).)).))))).....................,.....((((.((((((.(((.(((((.((((.((((.((.((.((.((.((.((.....)))))))))))))))))))))))))))))))))))))).....,.....((((.(((((....))))).(((....))).)).))....((((.(((....))).(((....))).))))....................,.....((((.(((((....)).))).(((.(((....)))))).((((((....)).)))).(((((....))).)))))).......................,.....((((.(((((....))....))).(((....))).)).))....((((.(((....)...)).(((....))).))..))....................,.....((((.((((.....((((...)))).))))...(((..((((((...)))...)))((((((...)))...))).)))...(((...(((....))).))).)))).....,.....((((.(((.((....))((....)).))).(((.((....))((....)).))).(((.((....))((....)).))).(((.((....))((....)).))).)))).....,.....((((.(...(.((((.(.((((.((.((((.((.(((....))).).)))))).)))))....).)))).)...).))))....................,.....(((.(((((....)).)))(((.((....))))).)))....................,.....(((.(..(.(((((.((((.((...)))).))))((((((...)).))))..(((...)))...))).)..).)))....................,.....((.((.((...)).((...))...)))).((.((.((...)).((...))...)))).....,.....((.((..(((((.(((....)))(((....)))))).....((((((....)))(((....))).)))))..)).)).....................,.....((...((....))...((....))...((....))...((....))...((....))...((....))...))....................,.....((....((....))....((....))....((....))....((....))....((....))....((....))....))....................,.....(.((((..(((((........)))))..(((.(((.(((((.....))))).((((....)))).))))))..)))).)....................,......(((......((((..(....(((........)))....).....)))).......)))...........,......((.((..((..(...(.((.((....))))..)...(.((..((....))..))..)...).))..)))).....................,......((.......((.((.......((.((...............)).........((...............)).)).......)).((.......((...............)).......)).((.......((.((...............)).........((...............)).)).......)).((.......((...............)).......)).((.......((.((...............)).........((...............)).)).......)).((.......((............((...............)).)).......)).)).......))......,......(.((((.((((....(...((((.(....).))))...)))))..((......((((....)))))).)))).).....................,......(.........((((.....)))).........)......................,.......((((.((((.(((.(((....))).(((.(((....))).(((.(((....))).(((.(((....))).(((.......))).))).))).))).))).(...).)))).((((...((.(((...((...))........))).(((.(((....)))(((....)))(((....)))))).))...((((.(...).(((.(((.(((.(((.(((....(((....))).))).(((....))).))).(((....))).))).(((....))).))).((((((....)))(((....))).(((....)))))).))).))))...)))).)))).......,.......((.((.((...)).((...))...)))).((.((.((...)).((...))...)))).((.((.((...)).((...))...)))).......,.......((.........((.........((.........((.........((.........((.........((.........((.........((.........((.........((.........((.........((.........((.........((.........((.........((.........((.........)).........)).........)).........)).........)).........)).........)).........)).........)).........)).........)).........)).........)).........)).........)).........)).........)).........))......,.......(.(.(.(.(.((.((.(....).)).)).).).).).),........(((((((((((....))))..((((....))))..((((....)))))))))))..(((((((...))))..((((...))))..((((...))))))).........,..........((((....))))((((....))))((((...)))),............((....))...((...((....))..((...((....))...))..((....))...))..((....))........................,.............................((((......((((....((((...((((..((((.((((.....)).)).)).))..)).))...)).)).....)).))......)).)).,................................................................................................................................................................................................................................................................................................................................................................................................................,time
0,,,,,,,,,,,,,,,,,,"[('UAUAUUUUUUUGUAUA', 1.4943499565124512)]",,,,,,,,,,,,,,,,,,,,,,,,,,,,,,,,,,,,,,,,,,,,,,,,,,,,,,,,,,,,,,,,,,,,,,,,,,,,,,,,,,,1.512619972229004
1,,,,,,,,,,"[('AUCUUUCAUAAAUUUUAUUUUUAAAGAUAUAAUUUGCAAAAAAUAUUAAAUUGUAUAAUAAUUAUAGUGUAAUAAUAUAUAUAUAUUUAAUGUUUUUACUAAAUUAUUAGAAAGGU', 52.8470139503479)]",,,,,,,,,,,,,,,,,,,,,,,,,,,,,,,,,,,,,,,,,,,,,,,,,,,,,,,,,,,,,,,,,,,,,,,,,,,,,,,,,,,,,,,,,,,52.862123012542725
2,,,,,,,,,,,,,"[('ACAUUCUAUAAUUAUUUAUGAGUUGUAUUUUUAAUU', 14.471045970916748)]",,,,,,,,,,,,,,,,,,,,,,,,,,,,,,,,,,,,,,,,,,,,,,,,,,,,,,,,,,,,,,,,,,,,,,,,,,,,,,,,,,,,,,,,14.487845182418823
3,,,,"[('UUUAAAGAUACUGUAAACAAUAAUUACCAAAGAAAUGUUCAUUGCUGGUCGGUAAAAACUAUAAAAUUUAGAAAAAUUCAUGUUUUUAAAUUCACCUUGUUUUAUAUGUUGUAAUUUGUGAGCUUUUCAAAAACCAAUUUUUUGAAUUUUUACUAAAAAUCAUUGUUUAUAGAUAAUAUUUUAUUUAAAUUC', 100.1791980266571)]",,,,,,,,,,,,,,,,,,,,,,,,,,,,,,,,,,,,,,,,,,,,,,,,,,,,,,,,,,,,,,,,,,,,,,,,,,,,,,,,,,,,,,,,,,,,,,,,,100.19382381439209
4,,,,,,,,,,,,,,,,,,,,,,,,,,,,,,,,,,,,,,,,,,,,,,,,,,"[('AUAAAUCAACAUUUUGUGAUGUUAUUUUUAUAUAACUAAUUGCCAUAUACAUAAUAAUGUGUUUAAAUAUGUAUAGUUAAGUAAUAAUUUAUUGUUAUUCA', 36.88703799247742)]",,,,,,,,,,,,,,,,,,,,,,,,,,,,,,,,,,,,,,,,,,,,,,,,,,,36.90500211715698
5,,,,,,"[('CUGUUCCCCUAAAUAUUCUUAGGAUGCAACGAUUUAACUAUUGAUUUUAUAAUUAUAUAUUAUAGGAACAGAGUAAAUAUACAAUAUUUUAUUUUUGAUGUAUGAUAAUAUAUUAAGUAUCAAGAAAUCUAUAUUGUUUUGUAUGUUUAUAAAUCCUUAUCAAUUAACACCCAUUGAUUAAAUUAAGUAUUUGAUUUUAGACUUUAAUAUAAAGUUGAGGGUUUGACCUUACUAAUUCCAAUCUUGUCUGGACAAUAAAAUAGUGUUGUUGAUUAAUAGCCAGUUUGGUUAUUAGUAAGAACUAAUCUAAGUCUUAGUAAUACCUAAGUAAAAUUUAAUUAAUUUUACAUUUAACAGAAUAUAUGUUAUUAGAUUAAUU', 403.48518800735474)]",,,,,,,,,,,,,,,,,,,,,,,,,,,,,,,,,,,,,,,,,,,,,,,,,,,,,,,,,,,,,,,,,,,,,,,,,,,,,,,,,,,,,,,,,,,,,,,403.50165009498596
6,,,,,,,,,,,,,,,,,,,,,,,,,,,,,,,,,,,,,,,,,,,,,,,,,,,,,,,,,,,,,,,,,"[('UAUAUAUAUAUACUUAUCCGAUACGUAAUUCAUUAAAUACUAUGAGUACAUAACUUUAUUAAUAUGAAUUACUUUAAAUCUAGUAAUAAUGUAUUGGAUGCUCAAAAAUUAUAGCUUUUUUUAUUCUGGGCUUAAAGUAUUUGUUAAUUUUCUAAAUCGGUCUUUCGAUUUCAUAAUUUUUGAAUUACAACUUCUAAUAUUAUUAGAGUUUUUGGUAUACACACUUAUAUUUGUGUAGUCUCAAUCAAGAAAGAGAAUUGGAGGUUGUCUGGUGUAUAUGUAUA', 202.83926796913147)]",,,,,,,,,,,,,,,,,,,,,,,,,,,,,,,,,,,,202.85365295410156
7,,,,,,,,,,,,,,,,,,,,,"[('UCUAUAAUAGAA', 5.408665180206299)]",,,,,,,,,,,,,,,,,,,,,,,,,,,,,,,,,,,,,,,,,,,,,,,,,,,,,,,,,,,,,,,,,,,,,,,,,,,,,,,,5.423933982849121
8,,,,,,,,,,,,,,,,,,,,,,,,,"[('AGUCAGAAUACAUUGUGUCUUCUAUUUUCAUCGUGUUGCUUCAAGUAUCAUAGGUAUAAAUAUAAUAUUUUUAAUAUCUUAAUUAUCCCUAGCCAUAAUAAUUAUUAGGUAGGGACUUUAAUCAAAACUUUUUUAAGAUAAAAAACAUUAGCGGCCGAAGGCUUAGUUAUGUUCAGUGCUAAAUACUUUAUUUUUAGAUUGACAAAAAUCAAGCAAUGUUUAAGAUUUUUAAAACACAGGAUAUGUUAUUAGUUGGUU', 178.344477891922)]",,,,,,,,,,,,,,,,,,,,,,,,,,,,,,,,,,,,,,,,,,,,,,,,,,,,,,,,,,,,,,,,,,,,,,,,,,,,178.3586070537567
9,,,,,,,,,,,,,,,,,,,,,,,,,,,,,,,,,,,,,,,,,,,,,,,,,,,,,,,,,,,,,,,,,,,,,,,,,,,,,,,,,,,,,,,,,,,,,,,,,"[('AUAUUUAAAUUGAGAUACCUUAACAAUAAUUUGUAAUUUCUAAUU', 20.63237500190735)]",,,,20.64617896080017
10,,,,,,,,,,,"[('AUUUAUUUUAUAAAUUUAUAUUUAAUAUGAAUAAAU', 21.37602186203003)]",,,,,,,,,,,,,,,,,,,,,,,,,,,,,,,,,,,,,,,,,,,,,,,,,,,,,,,,,,,,,,,,,,,,,,,,,,,,,,,,,,,,,,,,,,21.39024305343628
11,,,,,,,,,,,,,,,,,,,,,,"[('CAUAUUAUUAUGUUUAUUACUUUUCACUAUUAUAUUCAAAUAGUGAAGUAGUUCUUUUAGUUAAAAUUUAAUUGUUAUAAUAAUAGCAAAUAUUAUUAAACAAUUAAUGUGUUUAACAGAUUUCAAUAAAAUUUGUAUGGAUAUCUAAUAUAACUAGGAUUAGUUUUAGUCAAAUUCAAUCUAUUUGAUUUUGAAAUUAUUAUUAUAAAUAAU', 129.3244731426239)]",,,,,,,,,,,,,,,,,,,,,,,,,,,,,,,,,,,,,,,,,,,,,,,,,,,,,,,,,,,,,,,,,,,,,,,,,,,,,,,129.3385329246521
12,"[('AAUAAAAGUUUUUGAUACAAGCUAUAAAAUAUAGUUAAAUUGUAUUUUUAAAGAAUAUAUUUUUGUU', 17.544829845428467)]",,,,,,,,,,,,,,,,,,,,,,,,,,,,,,,,,,,,,,,,,,,,,,,,,,,,,,,,,,,,,,,,,,,,,,,,,,,,,,,,,,,,,,,,,,,,,,,,,,,,17.558983087539673
13,,,,,,,,,,,,,,,,,,,,,,,,,,,,,,,,,,,,,,,,,,,,,,,,,,,,,,,,,,,,,,,,,,,,,,,,,,,,,,,,,,,,"[('UUAUUAUAUUAUAUCUAUUGAGAAACUUUACCUAUUAUUACCAAUUAUCAUAAGAUAUCUAUCAUAUUUUAAUAAAAUGCUAGUUUAAAGAUAUCUAC', 40.06509208679199)]",,,,,,,,,,,,,,,,,40.07974195480347
14,,,,,,,,,,,,,,,,,"[('AAAGAUAUUAUUUAUUAAUUAUUUAAAUUU', 18.954413890838623)]",,,,,,,,,,,,,,,,,,,,,,,,,,,,,,,,,,,,,,,,,,,,,,,,,,,,,,,,,,,,,,,,,,,,,,,,,,,,,,,,,,,,18.96840214729309
15,,,,,,,,,,,,,,,,,,,,,,,,,,,,,,,,,,,,,,,,,,,,,,,,,,,,,,,,,,,,,,,,,,,,,,,,,,,,,,,,,,,,,,,,,,,,,,,,,,"[('CAUUUUUAUAUUAAAAAAUUCAUAAUUAAUUUAUAUCGUAAUAUAGAUUUGCUUUACGACCUAAGUUUAUUUUAUAUCAAUUCAAAGAAUCCUAAUAAAUAUUAA', 47.90253496170044)]",,,47.916378021240234
16,,,,,,,,,,,,,,,,,,,,,,,,,,,,,,,,,,,,,,,,,,,,,,,,,,,,,,,,,,,,,,,,,,,,,,,,,,,,,,,,,,,,,"[('UUAUUUACAUAUUACAUAAAAUUAUUAAAAUUUCACCUGGAGGUGACUUCUUAGAAAAAUUAUUGAACAAUCUUUUAAGUAACUAUUAACAAAAUUAUAUUAAAA', 38.21073007583618)]",,,,,,,,,,,,,,,,38.22674083709717
17,,,,,,,,,,,,,,"[('AAUAAAAUUUUAUCAACUUCUUAUAAGAAUAAUAUAAAAAGUUUUUUAUUAAGAACGAUUUUUUAUU', 30.38523507118225)]",,,,,,,,,,,,,,,,,,,,,,,,,,,,,,,,,,,,,,,,,,,,,,,,,,,,,,,,,,,,,,,,,,,,,,,,,,,,,,,,,,,,,,,30.39970302581787
18,,,,,,,,,,,,,,,,,,,,,,,,,,,,,,,,,,,,,,,,,,,,,,,,,,,,,,,,,,,,,,,,,,,,,,,,,,,"[('UAUUUUAUCUCCAUUCUUAAGAUGGUCACUUAUAUUUGUGGUGUUUUCUUAAAUAAAGAAAUUAGAGUAUUUUCUUAGAUAAUUUAUUGUAUAUUUUCAUCUAU', 37.48923397064209)]",,,,,,,,,,,,,,,,,,,,,,,,,,37.50401782989502
19,,,,,,,,,"[('AUUACAAUAAAUUAUAUUAAAAAAAUUUAAUAGUUUUGUAAU', 20.678772926330566)]",,,,,,,,,,,,,,,,,,,,,,,,,,,,,,,,,,,,,,,,,,,,,,,,,,,,,,,,,,,,,,,,,,,,,,,,,,,,,,,,,,,,,,,,,,,,20.69318389892578
20,,,,,,,,,,,,,,,,,,,,,,,,,,,,,,,,,,,,,,,,,,,,,,,,,,,,,,,,,,,,,,,,,,,"[('AUUGCUUACGUCUAUUCAGAUUAAAACACAUUAUUGUGGAAAAUUUAUUUUCAUACUCUUAAGUAUUUAAACUAAUCGGUUGUAACAGCAUAAAAUCAAAUAAGA', 41.39777898788452)]",,,,,,,,,,,,,,,,,,,,,,,,,,,,,,,,,,41.41188597679138
21,,,,,,,,,,,,,,,,,,,,,,,,,,,,,,,,,,,,,,,,,,,,,,,,,,,,,,,,,,,,,,,,,,,,,,,,,,,,,,,,,,,,,,,,,,,,,,,,,,,,"[('ACAAUAAUCUCUUAUUAAUUAAAAAAUAAACAAAUUAAUAUUUUAUACGGAUACUCCAGAUAAAUAGUAAAAUUAACAAUUAACCCACUAAAACGGCUUAUUAACUUAUAAAUUAUCUAAUCUAAUGAAUCCAUCUUUUCACUUCUAGUCUCUACACAAAAUAUGAACAUUAAAUAUUUAUCUAAUCACUUUCUCACACGAUCAUUUUAUCCAUAUGAUUCAAUUAUAGGAUUAGUUAAAUUUCCAGGGUAACGAUAUAAUAAAUAUUAAAAUUAAUAUAAUCCUAUUUAAUUUUUUAAAAAAUAACGACGUUGAAAAAAAUCGAAUUUAAUUCUAAUUAAUAAAUGCUUUAUACAUUACUAUUUUAAAAGUAUACCUUUAUAAUUAAUUAAUUAAUAUA', 359.7422709465027)]",359.7571511268616
22,,,,,,,,,,,,,,,,,,,,,,,,,,,,,,,"[('UAUAGAUAAUUAAUAAA', 0.46176695823669434)]",,,,,,,,,,,,,,,,,,,,,,,,,,,,,,,,,,,,,,,,,,,,,,,,,,,,,,,,,,,,,,,,,,,,,,0.4764740467071533
23,,,,,,,,,,,,,,,,,,,,,,,,,,,,,,,,,,,,,,,,,,,,,,,,,,,,,,,,,,,,,,,,,,,,,,,,,,,,,,,,,,,,,,"[('AAAAUAUUAGAACUAACUAAAUCAAAAGUUGCCUAUUUUUUUAAAAAAUCAUUUUAAUCGGAUACCUGACAAAAUAUAUUUAAUAUACAUCUCAUCGAAUUGAA', 36.80162501335144)]",,,,,,,,,,,,,,,36.81564521789551
24,,,,,,,,,,,,,,,,,,,,,,,,,,,"[('UUUAUAUUAAUAUAACAUUUCAACGUCAACACUCAAUAAACUUUGAUGACUAAUUAUUAAAA', 27.73983097076416)]",,,,,,,,,,,,,,,,,,,,,,,,,,,,,,,,,,,,,,,,,,,,,,,,,,,,,,,,,,,,,,,,,,,,,,,,,,27.753481149673462
25,,,,,,,,,,,,,,,,,,,,,,,,,,,,,,,,,,,,,,,,,,,,,,,"[('UUAAUAAUGUUUAAUAUAAUUAUUUU', 1.6134579181671143)]",,,,,,,,,,,,,,,,,,,,,,,,,,,,,,,,,,,,,,,,,,,,,,,,,,,,,,1.628561019897461
26,,,,,,,,,,,,,,,,,,,,,,,,,,,,,,,,,,,,,,,,,,,,,,,,,,,,,,,,,,,,,,,,,,,,,,,"[('ACAAAAUUAUUUAAACAUAUCUAUUUUAAUUUUUUAAAAUAGUUGUAAUAAUUAUCA', 22.21600103378296)]",,,,,,,,,,,,,,,,,,,,,,,,,,,,,,22.230746030807495
27,,,,,,,,,,,,,,,,,,,,,,,,,,,,,,,,,,,,,,,,,,,,,,,,,,,,,,"[('UAUAGCUAAUACCUGGUGAAGGUAAACGUUCUCUGAAUGACAAUCUAUAUAAGGUUUAUCCCACUAUGGGGCUCUUCUAAACAAGAAGUAUUAACAAUCAGUUAAUUAAAAUAUUAUAAACCGUCAAUUUUAUUCAGGAUAAUGAGAGCAUUACCAGCCAUCAUCUUUUAUAAAGCUUCAAUAUCAAUUGGUUAUGCAGACCUAAACUAAAAGAAUAAUAAAAAAAAUGCUUCCAUCUAAAUGGAAGAUUGGUGGUUUGUAGUGUUUUAAUUCCCUUAUUAAGGGAUCGAUUAGAAUAUAAUCAUGCUAGACCAAUUAGUGUUAAUCACCUAGAUUAUCCCAUACAAUUAUGGAUCCUAUUAUUAGUAGGGAGCUUAA', 373.29597783088684)]",,,,,,,,,,,,,,,,,,,,,,,,,,,,,,,,,,,,,,,,,,,,,,,373.3119869232178
28,,,,,,,,,,,,,,,,,,,,,,,,,,,,,,,,,,,,,,,,,,,,,,,,,,,,,,,,,,,,,,,,"[('CGACACAAGUAAAUAUUUAUAAUUAGAUUUUUAGAACUAAGUACUCUAGUUAAAUUAAUUUUAUUUAAAAUAAAGUCAAUUCUUGUUAACUUAAAAAGAAAUUCG', 40.0648980140686)]",,,,,,,,,,,,,,,,,,,,,,,,,,,,,,,,,,,,,40.07944393157959
29,,,,,,,,,,,,,,,,,,,,,,,,,,,,,,,,,,,,,,"[('UUAAAAUACAUAUAUUAUGUUAAUAUUUUAA', 12.201584100723267)]",,,,,,,,,,,,,,,,,,,,,,,,,,,,,,,,,,,,,,,,,,,,,,,,,,,,,,,,,,,,,,,12.215820789337158
30,,,,,,,,,,,,,,,,,,,,,,,,,,,,,,,,,,,,,,,,,,,,,,,,,,,,,,,,,,,,,,,,,,,,,,,,,"[('GAUUACAGUAUACAAUACCAUAGAAUAUUAGUAAUACUAGUUCAUCGAUUGAUUCCAUAAAUAUCGUAAUGUGUUUUGAAUUUUUGGGUUGUAAUUGGAUAA', 38.478747844696045)]",,,,,,,,,,,,,,,,,,,,,,,,,,,,38.49256992340088
31,,,,,,,,,,,,,,,,,,,,,,,,,,,,,,,,,,,,,,,,,,,,,,,,,,,,,,,,,,,,,,,,,,,,,,,,,,,,,,,,,,,,,,,,,,,,,,,,,,,"[('AGUAUUUACAUAUCUAAAGAAGUAACUUAGAUAAAUAAUAGAAUAGCAUCUACUAAUAAAAUCUAAAUUUGAAUAGUUUUAGUAUAUUGAUUAAUAGUAUGUCCAUUUUUUAAUCUUAUUUU', 48.856327056884766)]",,48.87056803703308
32,,,,,,,,,,,,,,,,,,,,,,,,,,,,,,,,,,,,,,,,,,,,,,,,,,,,,,,,,,,,,,,,,,,,,,,,,,,,,,,,,,,,,,,,,,,,,,,"[('UAAACAAUAAUAAUAAAGAAUUAAAUUUUAAAAUCUUUAAUUUAA', 22.37548589706421)]",,,,,,22.39008617401123
33,,,,,,,,,,,,,,,,,,,,,,,,,,,,,,,,,,,,,,,,,,,,,,,,,,,,,,,,,,,,,,,,,,,,,,,,,,"[('UUUUACCAUAAAUUCUACAGAAUUCUAUAUAAAUAAGUCGGAAUAGGUCAAUCAGCGGAUACCUUUAUAGGAGACCAAUCAAAUGAAACAAACAUU', 37.24677896499634)]",,,,,,,,,,,,,,,,,,,,,,,,,,,37.26118803024292
34,,,,,,,,,,,,,,,,,,,,,,,,,,,,,,,,,,,,,,,,"[('UAAAUAAAAACAAGCUAAUUUUUAAUCAUAUAUGACUUUACAUUACUUAUUAUUAAUUUAAAUUAAGUAGAUCGUAUUAAUUUUUUGAGCGUCAUGUGUGUUUUUUUUGAACGAUUCAUUUUU', 46.49601411819458)]",,,,,,,,,,,,,,,,,,,,,,,,,,,,,,,,,,,,,,,,,,,,,,,,,,,,,,,,,,,,,46.51226496696472
35,,,,,,,,,,,,,,,,,,,,,,,,,,,,,,,,,,,,,,,,,,,,,,,,,,,,,,,,,,,,,,,,,,,,,"[('UUAAUUAUUUAAACUAAUUUUGCCAUUUUUUUUCAUAAUAUAAUCCUAUAAAUUACCUAAGGAUAAAAAAAAAUUCUAGAGUUUUUAACCUAGGAAAUGGUAAAAAUAUAUUGCUUUUUAAAUUUAAAUUUUAUUUCAAUUAAAUAUUGAU', 74.43586015701294)]",,,,,,,,,,,,,,,,,,,,,,,,,,,,,,,,74.4494240283966
36,,,,,,,,,,,,,,,,,,,,,,,,,,,,,,,,,,,,,,,,,,,,,,,,,,,,,,,,,,,,,,,,,,,,,,,,,,,,,,,,,,,"[('UUAAGAUAGAUUAUAUAAAUUAAGCAAUAUUAAAUAGUUGUAUAUAUUACCAAUCAUGGUCACAUCUGAAUAAAUUAUCUAUCAUACUAUAUUAACUUAAAAA', 38.01858997344971)]",,,,,,,,,,,,,,,,,,38.033368825912476
37,,,,,,,,,,,,,,,,,,,,,,,,,,,,,,,,,,,,,,,,,,,,,,,,,,,,,,,"[('AACUGCUGAUAUUCUAUCCAUUUAAAAUAACUUUAAGUGGAUAAACACUUGUAAAAAGUAGGAAUAUAUAGGUAAUAGUAUUGUUAACGAGUAUAAAAUCUCUCAAUCGGUUCUGCAAAGUUUAUUUAAAAGUUGCAAUAACAUUGCAAUAAAAAUUAUAUGGUUAGUUGAGUUCAUCCGAGUAAUUUCUUCGAAUCAAAUAUAUGAUAUGAUUGAAUAAAAUCAAUUAAGAAUCUCAAAUUCUUGAACUUCCAUUAAACAUUAAAAUGAUAUUAUUGCUACUUUGUCUAAUAACUGAUAUAAUUAGAUAAUAAGA', 277.1537799835205)]",,,,,,,,,,,,,,,,,,,,,,,,,,,,,,,,,,,,,,,,,,,,,,277.1681249141693
38,,,,,,,,,,,,,,,"[('GGAGAGCAAAACCGAAUAAGAUAAAGCAUAGAACAUUCGAAUAAUCAAAGAUUGAAUUUUGACUUGAAUUAUUUUUAACAAAUACUGAGUAUUUGAAAAUAUUCUAUAAUAACAGUUGAAAUCUUUAACUUAAGUUAUCCUUUAUAUAAUUAUUUAACAGUUUUGGUUAUUUUU', 99.63438200950623)]",,,,,,,,,,,,,,,,,,,,,,,,,,,,,,,,,,,,,,,,,,,,,,,,,,,,,,,,,,,,,,,,,,,,,,,,,,,,,,,,,,,,,,99.64889407157898
39,,,,,,,,,,,,,,,,,,,,,,,,,,,,,,,,,,,,,,,,,,,,,,"[('AUAAAAACAAAUAAAUUGUAUCUUUAAAAGAUUUUUAU', 22.44291400909424)]",,,,,,,,,,,,,,,,,,,,,,,,,,,,,,,,,,,,,,,,,,,,,,,,,,,,,,,22.45657992362976
40,,,,,,,,,,,,,,,,,,,,,,,,,,,,,,,,"[('AAAAUAUUAUAAAUAUAAUUUAAUAAAUAAAUGUA', 3.2722108364105225)]",,,,,,,,,,,,,,,,,,,,,,,,,,,,,,,,,,,,,,,,,,,,,,,,,,,,,,,,,,,,,,,,,,,,,3.2867929935455322
41,,,,,,,,,,,,,,,,,,,,,,,,,,,,,,,,,,,,,,,,,,,,,,,,,,,,,,,,,,,,,,,,,,,,,,,,,,,,,"[('ACAUUUAUACCAUUAAAACGUGAAUUUUACUGAUGAAAAUUAUAAACAUCAAAUGUAAUUUUAAAUAGAUUAUUUUUUGAAAUAGUAACCAAAACAACAGUUAGUUAUAUAAUAAU', 45.341805934906006)]",,,,,,,,,,,,,,,,,,,,,,,,45.356080055236816
42,,,,,,,,,,,,,,,,,,,,,,,,,,,,,,,,,,,,,,,,,,,,,,,,,,,,,,,,,,,,,,,,,,,,,,,,"[('AAACCGUUACAUAUAAAUACACUACUUAAUGUUUAGAAAUUAAUUUAAUAGUGGUCAUCGUAAUUAAAAAUAAAAAAUAAUCAAC', 34.02760100364685)]",,,,,,,,,,,,,,,,,,,,,,,,,,,,,34.04173493385315
43,,,,,,,,,,,,,,,,,,,,,,,,,,,,,,,,,,,,,,,,,,,,,,,,,,,,,,,,,,,,,,,,,,,,,,,,,,,,,,,,"[('UUCAAGCUAUAAAUUAAAAUAUUAGUUACUAUGAAGAACUAGCUUAAUUAUGAAUACAUGUAA', 25.510504961013794)]",,,,,,,,,,,,,,,,,,,,,25.55212903022766
44,,,,,,,"[('UUCUAACAUAAAAAUGUAUAUCGGUAGAUAUUUAUUGACAAAUGAAAAAUAGAUUUUUGGAAU', 23.702660083770752)]",,,,,,,,,,,,,,,,,,,,,,,,,,,,,,,,,,,,,,,,,,,,,,,,,,,,,,,,,,,,,,,,,,,,,,,,,,,,,,,,,,,,,,,,,,,,,,23.716981887817383
45,,,,,,,,,,,,,,,,,,,,,,,,,,,,,,,,,,,,,,,,,,,,,,,,,,,,,,,,,,,,"[('AUAUUUCACAUAAUACAAAAUUGUAAUCCAUAAGGGUUUGUUAUUUAGCUACAGCUAGUAUCUUCAUACAAUGGUGAAACUCAAUUUAUUCCUCAAA', 41.64461803436279)]",,,,,,,,,,,,,,,,,,,,,,,,,,,,,,,,,,,,,,,,,41.66055989265442
46,,,,,,,,,,,,,,,,,,,,,,,,"[('UGUAUUAUUAAUAAAAAUUUUAAUCAUUGUUCAAUAUUCAUAAAAUUAUA', 27.762317895889282)]",,,,,,,,,,,,,,,,,,,,,,,,,,,,,,,,,,,,,,,,,,,,,,,,,,,,,,,,,,,,,,,,,,,,,,,,,,,,,27.77664303779602
47,,,,,,,,,,,,,,,,,,,,,,,,,,,,,,,,,,,,,,,,,,,,,,,,,,,,,,,,,,,,,,,,,,"[('CUAUUUUUACAUCUCUGAUGACGAUAAAAAAAUUUUUAUUAACCAUUGAUAGUUUAACAGAUAUCGUAUGUUUUAUAUUAAAAUGACAAAUUAAAUUUAUAA', 37.44460892677307)]",,,,,,,,,,,,,,,,,,,,,,,,,,,,,,,,,,,37.45932197570801
48,,,,,,,,,,,,,,,,,,,,,,,,,,,,,,,,,,,,,,,,,,,,,,,,,,,,,,,,,,,,,,,,,,,,,,,,,,,,,,,,,"[('AAUUUUGCUGUAAGACAAGUUAUAUAGAUGUUUAUUACUUUUAAAUUUUUUUAAAUCAAGAAUUUUUCCUGUAUUAUAGUAAUCAUUAAUAGAAUAUAUUA', 43.38116812705994)]",,,,,,,,,,,,,,,,,,,,43.3953058719635
49,,,,,,,,,,,,,,,,,,,,,,,,,,,,,,,,,,,,,,,,,,,,,,,,,,,,,,,,,,,,,,,,,,,,,,,,,,,,"[('UACUUAUAAAAAUUAAUUAUAAUAAAUUCGAAUACUUUCAUUUAUAAAAUAAAAAUAUCCAUUCUAUCUAUACUGAUAGUUUAUAUAAACAUUAUCGUUCUUUUU', 41.113685131073)]",,,,,,,,,,,,,,,,,,,,,,,,,41.13053297996521
50,,,,,,,,,,,,"[('UUAUACAUAACUCUCAUGAGUUAUAGAUUGCUUUCUGCUAACGCAUAAAAAUAAUUAUUUUUAGAAUUUUUUUUAUACACCAACGUGUAUUUAAAAAGUUAUAUCUAAUGGUCAUAGUAUACAUAUUAUAUAUUCUAAUAAAACUUAAAGGUGAGUUUCCUAUAUAGGAGUUCCGGAAUACACGUCAUGAGAUGUGGGCAUAUAUGUAUGACAAAAAAUUGUUAUUUCAAAUGGAAUUAUAUUUGAACAUUAAAAAGUUGAUGUGAGUUCUUUUGUAUAAUUAUAGUUAUACGCAGUUAUGCGUGUCAGCACAACUCUUAUUAAUGAGGGUGUAUAG', 288.6340708732605)]",,,,,,,,,,,,,,,,,,,,,,,,,,,,,,,,,,,,,,,,,,,,,,,,,,,,,,,,,,,,,,,,,,,,,,,,,,,,,,,,,,,,,,,,,288.6482379436493
51,,,,,,,,,,,,,,,,,,,,,,,,,,,,,,,,,,,,,,,,,,,,"[('UAGCGUAUAUCCAAAUAGACUCAAUCAAAAAUAAUAAUUCAAUAUCAUAUUAAAAAUAGACCAAGUGUAACAUUUAUAAA', 13.065031051635742)]",,,,,,,,,,,,,,,,,,,,,,,,,,,,,,,,,,,,,,,,,,,,,,,,,,,,,,,,,13.080296039581299
52,,,,,,,,,,,,,,,,,,,,,,,,,,,,,,,,,,,,,,,,,,,,,,,,,,,,,,,,,,,,,,,,,,,,,,,,,,,,,,,,,,,,,,,,,,,,,,"[('UUACAACAAUUAAUUUUAUUCUAAAAUCUUAGUAGCUUAAAAAACAGGAGUAAUAGUUUCACAUUAAUCUGCUUUCUUUAUAUCACAGCAAUAUUUAAAAAUACUCCGUCUAAAAAACAUAGUACGAAAAUAACCUUAGAAAUAAUAUAUUUAACUAGUACUUUGAGGAUCGUAAUAUUUAACUUACUCGCUUGUAAAUAAAUCAUAAUAAAGAACAAAUUAUAGCUUGUUUUAAUUAAAAUUCACGGAAAUUAAAUCAUUUAUAAACUAAUUAGUCCAUAGUGUAUAAAUGUUGUAAAUAUUAUAUCUAUUUUGGUUGUUUAUAUGAUCGCAUUUUAUUAAAUUUAAUUCUAAUUAUUUUAAACAAACCUAUUAAUCUAGGAAAAAAAAGUUUAUUAUU', 424.3916780948639)]",,,,,,,424.4061930179596
53,,,,,,,,"[('ACAAACUUCAAUUGGAGUUCCUUUAUCAAGGAAACAAAAUUUUGUUAAUUUUUUUGAGUUGUACAAAUAUGUACUUCCAUAGAUGGAAUUGU', 15.287469863891602)]",,,,,,,,,,,,,,,,,,,,,,,,,,,,,,,,,,,,,,,,,,,,,,,,,,,,,,,,,,,,,,,,,,,,,,,,,,,,,,,,,,,,,,,,,,,,,15.30132794380188
54,,,,,,,,,,,,,,,,,,,,,,,,,,,,,,,,,,,,,,,,,,,,,,,,,,,,,,,,,,,,,,"[('AACAUACGCAUUUACAAAAGUAAAAUCUUUUAAGCGCUAGAAGUGCAAAAUAUUUCUGUAUAAUUUUUUAGUUUAAUAGCGUCAAAAUAUUAUUAGUUAAUU', 40.70930004119873)]",,,,,,,,,,,,,,,,,,,,,,,,,,,,,,,,,,,,,,,40.72318387031555
55,,,,,"[('UAUUGUCAACCCUAACUUUUAUUUACACCUAAUAUAUAUGACUGAUAAUGACUAAUACAUUAUUAACUAAAGUUCGUUUUGGUUAAUAAUAUUCAAAUAUGAAGAAAUUGAUAAAAAUUGGUUUCAAUACUUAUGCAGGUAUUAUUAGUAUUGUAUCAUGAUGUUGGAUAUUACUCUAUGCUUUGGAAGUAAAUGACAUAGAAAGAUUUUCAUUUAUAACUAUAUAAAUGGAAGUCUUUUUUAUGUUUUAUAUAGGAAACGUUGUAGACUAAUAAAAUAAUUUGUUAGUUAAUUACAAAUUUGUAUUAAAUAUCAGUUAGUACUUAAUCUAUGAAGAUGGUUGGUAUUCAUAAUUAUAUGUAAUUAAUGACGGUUGGGUUAGUGCUC', 388.9834978580475)]",,,,,,,,,,,,,,,,,,,,,,,,,,,,,,,,,,,,,,,,,,,,,,,,,,,,,,,,,,,,,,,,,,,,,,,,,,,,,,,,,,,,,,,,,,,,,,,,388.99867606163025
56,,,,,,,,,,,,,,,,,,,,,,,,,,,,"[('UUAAUAAUAUAUAUAUAACUAUUAAUUAAACAUAAA', 10.210361957550049)]",,,,,,,,,,,,,,,,,,,,,,,,,,,,,,,,,,,,,,,,,,,,,,,,,,,,,,,,,,,,,,,,,,,,,,,,,10.22484302520752
57,,,,,,,,,,,,,,,,,,,"[('UUUUAACUAACUUUAAAGAGCUCCUAAUGGACAUAAAUAUAUAUUAAAAAUAAAUUACAAGUGGUAUGUAACUAUUUAGUUAAAAUUUUAUAGUUUUAAUACACGUUAAAA', 44.70987892150879)]",,,,,,,,,,,,,,,,,,,,,,,,,,,,,,,,,,,,,,,,,,,,,,,,,,,,,,,,,,,,,,,,,,,,,,,,,,,,,,,,,,44.72395706176758
58,,,,,,,,,,,,,,,,,,,,,,,,,,,,,,,,,,,,,,,,,,,,,,,,,,,,,,,,,,,,,,,,,,,,,,"[('AUUUUAUAUCUAGAAAUAUAUUGAUAUAUUUAUAGUAUAAAAUUAUAUUUAGUUUUAUAAUAUUUUUA', 24.550469875335693)]",,,,,,,,,,,,,,,,,,,,,,,,,,,,,,,24.564375162124634
59,,,,,,,,,,,,,,,,,,,,,,,,,,,,,,,,,,,,,,,,,,,,,,,,,,,,,,,,,,,,,,,,,,,,,,,,,,,,,,,"[('UAAUUAUGUAUCUUGAUAUAUAACCUAUAAAAAUAAUAGUAGGUUUCUAUUAAUAUUUAUUAGGCAUGUAUAUAUUAUAAUAUAUUAAAAAAUUUAUGAGUUAUG', 41.207427978515625)]",,,,,,,,,,,,,,,,,,,,,,41.22088694572449
60,,,,,,,,,,,,,,,,,,,,,,,,,,,,,,,,,,,,,,,,,,,,,,,,,,,,,,,,,,,,,,,,,,,,,,,,,,,,,,,,,,"[('AAUUUUGCUUAUAAAUUAAUGAUACAUACAAUAGAAAAUAGAUUAUUUAAAACUUCACAUUUAAUGA', 6.71470308303833)]",,,,,,,,,,,,,,,,,,,6.729784965515137
61,,,,,,,,,,,,,,,,,,,,,,,,,,,,,,,,,,,,,,,,,"[('AAUAAAUAUUAACAGAAACUUAUCACGUCAAGAUUAUUUAAUUAUUCAAUAUU', 20.06462812423706)]",,,,,,,,,,,,,,,,,,,,,,,,,,,,,,,,,,,,,,,,,,,,,,,,,,,,,,,,,,,,20.078861951828003
62,,,,,,,,,,,,,,,,,,,,,,,,,,,,,,,,,,,,,,,,,,,,,,,,,,,,,,,,,,,,,,,"[('UCUUAGUACAACAGGCCGUAUAAAUGGUUCAUAUAAAUAUGAAAUAAUAAUUUAUAAUACCAGCUGGUAACUGUUGUAUCAUUAAUUAAUAUACAUAGAUAUCUGUUAACUUAGGUAGGUAUAUAUAAUCAUAUUCAAAAAUUUUUUUAAGUGUUGAUUAUAAACUACGAUCCUUAGAAUUUUAACAUAAGAUAAUUUAUAACAAAAUAUUGUUUGGUCACAUGAUCGGAUUGUGGUAUAAUACACUGUCAUUAUUUUUUAAUAAAUAUAAAACUAUAUUAAUAGCUUUGUUGUUUAUAUCAAUAAUUGAUAGUGUAUAGGCUGUGAGUUUAUACAUUCGUAUAGUUUAAUAUUGAAAACUAAUACAUUAGUUUAACUCAUGUUAAAACUCAUAGAUGAU', 436.5891089439392)]",,,,,,,,,,,,,,,,,,,,,,,,,,,,,,,,,,,,,,436.60360383987427
63,,,,,,,,,,,,,,,,,,,,,,,,,,,,,,"[('AAAACACUCUAAUUAUCAAAUUGACCCAAUAUCAAAUAAAAAAGUCCAACACUAUCUCAAAUAACCCAUAAACAUAAAUUUAAUUACCUAUAAUCUUAGUCUCAUUCAUU', 39.740238189697266)]",,,,,,,,,,,,,,,,,,,,,,,,,,,,,,,,,,,,,,,,,,,,,,,,,,,,,,,,,,,,,,,,,,,,,,,39.75408387184143
64,,,,,,,,,,,,,,,,,,,,,,,,,,,,,,,,,,,,,,,"[('AUUAUUAAAAUAAAACAUCUUAUGAUGAAAUAAAAUAUAU', 19.32221293449402)]",,,,,,,,,,,,,,,,,,,,,,,,,,,,,,,,,,,,,,,,,,,,,,,,,,,,,,,,,,,,,,19.336740016937256
65,,,,,,,,,,,,,,,,,,,,,,,,,,,,,,,,,,,,,,,,,,"[('UAAUUAAUAUCAUAUUCUAAAUAUAAGUAAAAUUUG', 8.548162937164307)]",,,,,,,,,,,,,,,,,,,,,,,,,,,,,,,,,,,,,,,,,,,,,,,,,,,,,,,,,,,8.562802076339722
66,,,,,,,,,,,,,,,,,,,,,,,,,,,,,,,,,,,,,,,,,,,,,,,,,,,,,,,,,,,,,,,,,,,,,,,,,,,,,,,,,,,,,,,,,,,"[('ACUAAUAAAAUUAAACAUACAAAAUGUAUAUAAUAUAAUCUUAAUCUUAAUACUUAAUAAG', 22.84055995941162)]",,,,,,,,,,22.85452103614807
67,,,,,,,,,,,,,,,,,,,,,,,"[('GUAAUCUAUUUACAUCAAUAUUUGUGAUAGUCGUAAGAACUGCAUUAUGUAAAUGCUAAAACCAUAUUAUUUUAUACUUUAAAUCGACAGUUGUGAAUAUGCACAAGUUUUGUGGCAUAUUAUUCCAUAAACAUCAAAGUACCUAUAAUAAUUAUGGGGUUUUGGUGUUAAGAAAAUGAUAGCAUCAUUUCUUUGGAAAUUUGUAGCUGUUGAUAAAAAAAUCUUGAUGUUAUUUGAACAUAAAAAAAUUCUUUUGUUAAGUUUUGAUCUAUGAUAAUUAUA', 213.58772611618042)]",,,,,,,,,,,,,,,,,,,,,,,,,,,,,,,,,,,,,,,,,,,,,,,,,,,,,,,,,,,,,,,,,,,,,,,,,,,,,,213.60154700279236
68,,,,,,,,,,,,,,,,,,,,,,,,,,,,,,,,,,,,,,,,,,,"[('GCAUAAGAUAUAUACUAACAAGUGCUUGCAAUGUUUCUUCUUAUCUAAAAGUACUUAAAAGUUAUAUUUUAUGAUUCCAAAGAAGAAUUAAAUAAAAACUUAGUGAAUUUUUUUUUAUCGAACCCAUAAGUGAUAUUAAUUGACUAAAUAAAACCGCAAAAGAUCUAUAAGGUAAUUAAUUGUAUGUUGAUAUAAUUGGA', 108.27244305610657)]",,,,,,,,,,,,,,,,,,,,,,,,,,,,,,,,,,,,,,,,,,,,,,,,,,,,,,,,,,108.28602504730225
69,,,,,,,,,,,,,,,,,,,,,,,,,,,,,,,,,,,,,,,,,,,,,,,,,,,,"[('ACUUGAACUGCCAAAUCUAAAUUACAUCCGCAUCUUAUUAUUCUAUCUAAUUUAAUAGAGUAUACAUAUGGUGUAAUUCAUCAGUUUGAUAUAUGCUCACUAGAUAGAUCAAUUCGUUUACUCUUUUAACUUAUUAAAAAAAAUAUUAUUUCAUGGUUGAGAAGAAAUAAUUAUUUGGUGAUAA', 93.84667801856995)]",,,,,,,,,,,,,,,,,,,,,,,,,,,,,,,,,,,,,,,,,,,,,,,,,93.86223006248474
70,,,,,,,,,,,,,,,,,,,,,,,,,,,,,,,,,,,,,,,,,,,,,,,,,,,,,,,,,,,"[('AUUUUAGAAACCAUAAUUAAUUUUAAACAAUGUGUUAAUGUUUAUAAGAGAAGAAGAUCUCAGGAAAAAUAUUUAAAAAAAAAUUUAU', 38.25197911262512)]",,,,,,,,,,,,,,,,,,,,,,,,,,,,,,,,,,,,,,,,,,38.2688729763031
71,,,,,,,,,,,,,,,,,,,,,,,,,,,,,,,,,,,,,,,,,,,,,,,,"[('AUUAAUUAGAUAUAAAAAAUUAUAGUCUUUUAUAAGUUUAAGUUUUCAUUUAGAAUAAAAAAAUUUGGUUAUU', 26.68521499633789)]",,,,,,,,,,,,,,,,,,,,,,,,,,,,,,,,,,,,,,,,,,,,,,,,,,,,,26.69931197166443
72,,,,,,,,,,,,,,,,,,,,"[('AGAUGACAUCUAGUUCUCAAAUGACUAUUUGGCCCUCACCAUUGACAUCAAUACAAUGUUAGAAGUUUCAUUUGGUGUUUUGAAAAAGGGUAAUAUGCGACGUAUUAUCAAUAAAUUUUUUAAUAUUAAUUUAAUUUGGUUCUUAUGAGUGUGUUGUCAGAUAAAAAUAUCGAUUUAUUAUAGAGGUUUAUUAUAAAUUGAUUACUAAUGCUGACUAGUUAAAUAUACAUAAUAUCCUAUUAUGGGUUCAUUUUUAAUGAUAUUACUAAUGUUUAAUUUUGUAUAACAAGUUUAUCUUGCUUUAAGUGAAUAUAAAAUAUAGGAUAAAUAUGUUAUAUAAUAGUAGAAGAAAUUGAAUUACUAAUAUAGU', 369.8492341041565)]",,,,,,,,,,,,,,,,,,,,,,,,,,,,,,,,,,,,,,,,,,,,,,,,,,,,,,,,,,,,,,,,,,,,,,,,,,,,,,,,,369.86340403556824
73,,,,,,,,,,,,,,,,,,,,,,,,,,,,,,,,,,"[(""0.49758\\n')"", 66.18708491325378)]",,,,,,,,,,,,,,,,,,,,,,,,,,,,,,,,,,,,,,,,,,,,,,,,,,,,,,,,,,,,,,,,,,,66.20142197608948
74,,,,,,,,,,,,,,,,,,,,,,,,,,,,,,,,,,,,,,,,,,,,,,,,,,,,,,,,,,,,,,,,,,,,,,,,,,,,,,,,,,,,,,,"[('UUAAAAAAUUUUAUUCUUAUAACAACUAAAAAUUACAUUAUAUUUUAUAUUAAGCAGGUAAAUUUUAUAACAUUA', 29.17965006828308)]",,,,,,,,,,,,,,29.1942458152771
75,,,,,,,,,,,,,,,,"[('CAGUAUAUAUACAUUAAAUCUUUUUAAGGUUUUAUUUUAUUUUCCGGUUAAGUACUUGUACAUCAGGUGAUCUUUAUUUUAACAUUAAUGUUUAAUAAAACCAUAUUAUUUGGUUUAAAAUUUCUUCCUUUAAGGAGAAGGCUAUAGUGUCUACAUAUUGGUUCUAAAUAUAUCUCAAUGACAUCCGUGUGGUCAUAUUGAUAACAAUAAUGUAAUAUUAGUUCUUUUAGAACUUUUUAUAAUUAACUUAAUUUUAAUAAUAAAGUUUAUUGCUAAAAGUAAAACAUUAAAAGUUUAGACAAAGAAUAUUCUUUAAAAAAAUUUUUAAAUUGAGCUCAAGUAUAAUAAUAUCUUGAAGUUUAAAUUAUUAGUAAUUUGAGUGUCUCUAGACUG', 388.5475778579712)]",,,,,,,,,,,,,,,,,,,,,,,,,,,,,,,,,,,,,,,,,,,,,,,,,,,,,,,,,,,,,,,,,,,,,,,,,,,,,,,,,,,,,388.5625238418579
76,,,,,,,,,,,,,,,,,,,,,,,,,,,,,,,,,,,,,,,,,,,,,,,,,,,,,,,,,,,,,,,,,,,,"[('UGGUAACUAAAAUUAGUAAAUUUAUUAGUUAUAGAUUCAAACCAUAAAUGGUUUACAAUAAUUCAAUUGUUCGAAUUUAUUUAGUCUUAACAAUAUUUCAAUAAU', 42.20065188407898)]",,,,,,,,,,,,,,,,,,,,,,,,,,,,,,,,,42.21842908859253
77,,,,,,,,,,,,,,,,,,,,,,,,,,,,,,,,,"[('AGUUAUAAACGGUCAAAAAAAAAAAUCAUUAUUGUAAAAUUUUUUUCACCUUUGGUAAAUACAUUAAGAAGCAACCAUACUCAUAAAUAGAAUUGCGUUGAAUAUUUUGUACUUCCUUUUUCUUGUACGGUAAACAAAUACAUUUAAAUAAUAUAGAUUCUACUUACAAGAUUUUUAAUUUGGUAGAUAUAUCUUAAUCAUUUGAGUGCAUUAAUUAAUAAAAUUUAAGUAGUUACAAUUAGUCUAAGGAUUAAAACACGUUAGUUUUCAUUUAAUGUUGGGCU', 218.2837529182434)]",,,,,,,,,,,,,,,,,,,,,,,,,,,,,,,,,,,,,,,,,,,,,,,,,,,,,,,,,,,,,,,,,,,,218.29839491844177
78,,,,,,,,,,,,,,,,,,,,,,,,,,,,,,,,,,,,,,,,,,,,,,,,,,,,,,,,,,,,,,,,,,,,,,,,,,,,,,,,,,,,,,,,,,"[('UAAACACACAAUAAUACCUCAUAUGUAAAAUUCAUAAUUUACAAGGUGUUUAUUAAUAUUUCAAAUAUGGAAUUAUUGUGAGGAUUUUUUUAUAAUUUAUU', 39.74371790885925)]",,,,,,,,,,,39.758841037750244
79,,,,,,,,,,,,,,,,,,,,,,,,,,,,,,,,,,,,"[('CAUUUAAGCAAAAGAAUUCCGGAUCUAUCACCGUCCAUUCAUUUCGAUGCUCUCAAAAAUUUAAAAUUCGGAAUUAUAUCAUAAAAUACAUUUUAUUCGACUUGAUUUAUAAUAUUACCUAGUAGUUAUAUAACAAAACAAUCAUAAUAAACUAUUAAUGAAUCCAGCUGUUGGAUAAUCUUCAUUAUUUUAUAGUUCACUUAUUAAAACUAUUGUUAUUAUGUUAAACUCUGACUAAAUUUAGGUAGAAAAUUGUAUUUAGUUAAUUCAUGAAUGGUAUUUGUGUAUGCGUAUGAACUAAGAUUUCUUUUAUUUUUUUUUUUUUGUUUUUGGUAUCUAAUAAUGAGUAUUGAUGGCUUUAAGGUUUAUAUGAUUCCUUCUUGUUUGUAUAGAGAUU', 404.2785301208496)]",,,,,,,,,,,,,,,,,,,,,,,,,,,,,,,,,,,,,,,,,,,,,,,,,,,,,,,,,,,,,,,,,404.29337906837463
80,,,,,,,,,,,,,,,,,,,,,,,,,,,,,,,,,,,,,,,,,,,,,,,,,,,,,,,,,,"[('UUCACUUUAAUAGACGUAUAACAGCUUGUUAAAAGUAUCGUUAUAAAUUGAUUUAUUUAUAUACACCUCGUUGUAAAUACAAAUAGUGACUUAUAUAAAAUUUUUGGAUUAUGAUUUUAAUUUUUUUAAUGUUAAUAAAGUAUAAUAAGUCUAUUUCUUUACAGAAAACAAUCGUUUUUGAAAAAAAUAGAGCAUUUUAUUUUUAGAAAAAG', 131.8849070072174)]",,,,,,,,,,,,,,,,,,,,,,,,,,,,,,,,,,,,,,,,,,,131.90033507347107
81,,,,,,,,,,,,,,,,,,,,,,,,,,,,,,,,,,,,,,,,,,,,,,,,,,,,,"[(""0.484657\\n')"", 111.00183486938477)]",,,,,,,,,,,,,,,,,,,,,,,,,,,,,,,,,,,,,,,,,,,,,,,,111.01685118675232
82,,,,,,,,,,,,,,,,,,,,,,,,,,,,,,,,,,,,,,,,,,,,,,,,,,,,,,,,,,,,,,,,,,,,,,,,,,,,,,"[('UCUUUAGUUAAUUCUAAUAAUAUCCAAAGAAAAUCUAGAUAACAAUAUAUAAGUAUCUGAAAACAAAAAAUUAUUAUUGUAUUUUACUAUUCUAUAAUUUUUUAAUAGUUAAUUUAUUU', 54.33512902259827)]",,,,,,,,,,,,,,,,,,,,,,,54.35017490386963
83,,,,,,,,,,,,,,,,,,,,,,,,,,,,,,,,,,,,,,,,,,,,,,,,,,,,,,,,,,,,,"[('AAAUAGUACUUACUUAAUUAAGCUCUAAAAUUCGAACUUCAAAUUUAUUUUGUUCUAAAAAAUAUUAAGGAUGAGUAGCAGUAUAUGGAAAAAGGAUAAAUAUA', 43.85245203971863)]",,,,,,,,,,,,,,,,,,,,,,,,,,,,,,,,,,,,,,,,43.86909008026123
84,,,"[('AAAAAGAGAUAUUUUACGUAUGAAAUUUUUUUUACAUUUUAAAAAAUUAUUAAUAAUUUGUAAAUUCUAUUCAUAUGAUAAUAAAAUUAAUAUUAUUUUGUUAAAUGUAGGCUAUUAUUUUCAGUUUCACCUUGAACAAUUGUUGGUAAUAAUUGUAUUUUGAUAAUUUAGUUAUUUAUAAACGGUUUUAAAGUAACUUGAGCACUUCUCAGGAUUAUUUAAAUUAUGAUAAAUUUAUUAAAAUAAAUACUUUAUGUUUACCGAAAAUUAUUUGAGUAAAAUUAAGGUAUACUAUUUUAAUAUAUUUAAUAAUCAAUAACGCAUCGUGUAUAUAUUGCUAGUAAAUAUAGUAGAUUUAAAUUAUGUUUGUUGAAAAAAUAUUUCUUUUU', 424.92289185523987)]",,,,,,,,,,,,,,,,,,,,,,,,,,,,,,,,,,,,,,,,,,,,,,,,,,,,,,,,,,,,,,,,,,,,,,,,,,,,,,,,,,,,,,,,,,,,,,,,,,424.94079399108887
85,,,,,,,,,,,,,,,,,,,,,,,,,,,,,,,,,,,,,,,,,,,,,,,,,,,,,,,,,,,,,,,,,,,,,,,,,,,,,,,,,,,,,,,,,,,,"[('UAAACAAAAAUGACGAUUAUCUACUAGUGUGAUUAACCUUAUUGGGUACCCAUAUAUCUAUAUAAUAUUUCAUAAUGUCCUUGUACUGGAUUUGGGGUGUGAAAUGAAAAUUAUUGUCAGAUUUUUAUUUACCUUUCACGAAUUAGUAUUAACAUUUUUUUGAAAAAUAACAAAUUAAUAAAGCUGUAAUCUAAAGUGAUUAAAAUUAUAUUAAGUUCUCAAGAGAUAUGCUGUAAUCGGGUUUCUUAUUUAUAAUUUGUUUCAAAUGAAAGAAGAACUUAAGUUUUUAAAUUAAAAUGAUUUACUUAGUAGUUCAAAAUAUUGGGUCUGUCAUCAAAAAUCUUGUUUUAGUUUA', 332.77098298072815)]",,,,,,,,,332.7871038913727
86,,,,,,,,,,,,,,,,,,,,,,,,,,,,,,,,,,,,,,,,,,,,,,,,,,,,,,,,,"[('AACCAUAAAAGAAUUAAAUAAUUUAUACAAUAAACAAAACUAAUAUUAUAUAACUACAGAUAAAUAUAUUCCUCUUACUUUUUUUUUUUUUAUUACU', 41.624544858932495)]",,,,,,,,,,,,,,,,,,,,,,,,,,,,,,,,,,,,,,,,,,,,41.639004945755005
87,,,,,,,,,,,,,,,,,,,,,,,,,,,,,,,,,,,,,,,,,,,,,,,,,,,,,,,,"[('UAAACAUAAUGGUAAUAAUUUUAAUUUAUGAAUU', 15.872891187667847)]",,,,,,,,,,,,,,,,,,,,,,,,,,,,,,,,,,,,,,,,,,,,,15.888692140579224
88,,,,,,,,,,,,,,,,,,,,,,,,,,,,,,,,,,,,,,,,,,,,,,,,,,,,,,,,,,,,,,,,,,,,,,,,,,,,,,,,,,,,,,,,"[('GUUUUUAGAAUAAUAUUAGAAACAAAAUAUCGAUUUUUUCAAAACCUUUCAUUAGGAUGGUAUAUUUUUACAAUUUAAUUUACAAAAAUUCUAACAU', 34.090327978134155)]",,,,,,,,,,,,,34.10667610168457
89,,,,,,,,,,,,,,,,,,,,,,,,,,,,,,,,,,,,,"[('AUUAUUCUAUCUUGAUUUGUGUUUUAAUUAACUUACUAAUAAACUCAUUUAAUCGCGGAGAGAUAUUCUGAAAAAUUAUAAAUGUUAUCAAUCUCUAUAACACGUAUAGAUACUUCUAUUGCAAUAAUUGAGAUUUUAGGUGUGUUAUGGAGUUUGAUAAUAAAUAUAACUGUUUAGUAUAUUUUUUUGUGGUGUAAUCUUACAACAAAAUUUAAAUUUCUUAGUCAUCUCUUUUAAUAACAAGUGCAAGAUAUUGAGUCAAUAUUAAAUCAUUUUUGUGGUUUUAAUUUUGAUAUAAUGAUUUGUACCUGUUAUUUAUGGAGAGAAAUAAGGGUUUUAAUAAUUGUUUUUCUAACAGGAAUAAUAAAGUUUUUUGCAAUUCAUAGUUAACUAUUAAAAA', 433.11376214027405)]",,,,,,,,,,,,,,,,,,,,,,,,,,,,,,,,,,,,,,,,,,,,,,,,,,,,,,,,,,,,,,,,433.12876296043396
90,,,,,,,,,,,,,,,,,,,,,,,,,,,,,"[('AAUAUCAAUAACAUUAUUUCAGCUUAAUGAAAUCUCCAUUAUUACCGACUUCGUAUUUGAACUAUCUGGCAUUCGGAUAAAUUAAUUACAUAAUAUGAAAUGAUUAAUAAUAGCUGCAUGAAAAAAUUUCGUAACAAGUAUCUAAAAUCUUAUAUAACUUUAACUUUUGCAUAUUUUAGAAUUUAAUUAAUCUUAGAUUGAUUUAAUCGGGAAACUAUUGAAUUUUUUACUCUAUUUAGUAUAAGUAUUACAUAUUUGUUCUAUAGAUUAUUAAUGUAAUGUAUUUUUAGAUAUAUUUCUGUUUGCUUAUUUUAAAAUUUAUUUCAGCAAAUUCAUUUACCUGGUAGUAAUGAAAUCUAAAUGUGUAAAAACCAGAGAUUGUGUUGAAGUUC', 385.6272962093353)]",,,,,,,,,,,,,,,,,,,,,,,,,,,,,,,,,,,,,,,,,,,,,,,,,,,,,,,,,,,,,,,,,,,,,,,,385.64411902427673
91,,,,,,,,,,,,,,,,,,,,,,,,,,,,,,,,,,,,,,,,,,,,,,,,,,,,,,,,,,,,,,,,,,,,,,,,,,,,,,,,,,,,,,,,,,,,,"[('UUUAAACGUAGCAAUAAAAUAAAAAUUUAUAGUGUCAAAUUUGUAAAAUAAAGUCUUCAUGAUUAUCACCAAUAAUAUAAAUUCUUAAAGGGACAUUAAG', 40.53889298439026)]",,,,,,,,40.55336809158325
92,,,,,,,,,,,,,,,,,,,,,,,,,,,,,,,,,,,,,,,,,,,,,,,,,,,,,,,,,,,,,,,,,,,,,,,,,,,,,,,,,,,,,,,,,,,,,,,,"[('UUUUAGAAGCUUAAGACCACAGAUGGUACGAUUAUGAAAUCUUGAACUAAUGUUCUUUAAGUAUCCCUAGACAAUUUACUAAAUUAUAUUUUUUAAAAACUUUAGGGCAAAUAACG', 46.20089912414551)]",,,,,46.21729898452759
93,,,,,,,,,,,,,,,,,,,,,,,,,,"[('CAUAUUUGGUCUUCCACACAGUACUGUACUGUAAGAUAAAAUUAUUAAAUAUAAUUAUAAGUUCUACAGAAUUAAUAUUUUAACGGAAUUGAUUACUAACACAAUAGAAAUACUAAUACAAUUAUUAUUUUUAUUUUAUAAAUCAUCAAAUGAUAGCAAUUAUUGCUAAUUUUUUCUAUCAAUUGUAAUUUUUCUCGUAUGAGAAAGGUAAGUCAUCAAACUUAAUAGUUAGAAAUUAAAUUAUAAUUGCAAAAAACCGAGAAGCUAUUGAAAUCAAUCUACUGUAUGUAAUGGUUUUUUUAAUCUUGGUUGAUCAAUAAUGAUCCAAAACUGGAUUUUACCUUUGCGAUAACAAAAUUUGUUUGGGUAUACUCUCAAUUUUUAAUGUG', 383.98445296287537)]",,,,,,,,,,,,,,,,,,,,,,,,,,,,,,,,,,,,,,,,,,,,,,,,,,,,,,,,,,,,,,,,,,,,,,,,,,,384.00032901763916
94,,,,,,,,,,,,,,,,,,,,,,,,,,,,,,,,,,,,,,,,,,,,,"[('AUUAAUUUUAAUAUAAAAAUAUAUACUCAAAAUUGAGUUAAUUUCAAUCACUUGAUUGUGACUGUAUAGUUAGAAAAUUAAC', 32.20192193984985)]",,,,,,,,,,,,,,,,,,,,,,,,,,,,,,,,,,,,,,,,,,,,,,,,,,,,,,,,32.21700382232666
95,,,,,,,,,,,,,,,,,,,,,,,,,,,,,,,,,,,"[('AACUUUACUUUUUUUAAUAUAAUCUAUAAUAGAAUAAAUUUUAUCCAAUUUUAACGGACGAGCAACUAUGAAAGUUCUAAAUAAAAUCAUAUUUUGAAAAUAGUUCUUUCCUGAAAAUUUCAGGUAAGAGAACAUUAGCUGACUCAUUAAAUAAUUUUACUCCUAUAAAUAGAUAACUAAUUAAACCUUUGUAUCAGGAAUUAACUAUGUUAAAUUUAGUGAAAUAAAAAAAUCCGAAAUAAAUAUAUUAUUAUGAGAUUAAUUUUUAAGUAACAAGUAUAUUAGCGACAAAUGAACAAUUCCAUAAUAAUGUUAAGUAACUUUUCUCAUGACUAUUUAUAUCUUCUUAUGGUGAAGU', 356.5841450691223)]",,,,,,,,,,,,,,,,,,,,,,,,,,,,,,,,,,,,,,,,,,,,,,,,,,,,,,,,,,,,,,,,,,356.5993740558624
96,,,,,,,,,,,,,,,,,,,,,,,,,,,,,,,,,,,,,,,,,,,,,,,,,"[('AACUAUGAAGUCUGUUUAUACACUAAUAUGUAUAGAUUACUAUUAAUUCCUAUCGAAUUAGUUCUUUACUCCCCAGUAGAAACAAAAAUGUUUCCUAAUAAUAUUUAGGCAUAAUAAUAACAUUAUUAGUUAGGAAGUCAUUCUAAUAAAGUACAAUUCACGUAAUAGUGUUGAAAAAGUUCAUUUUUUAAAAAUAGUUUCUGUCACAGACUAGGAAAUUGUCACAUUACAUGUUCUAAUGAUGUUUAAAUACGAUAAAAAAAUUUAUUAUUCAAAAAAAAUAACUCAAGGUUGUUUAGACUUUUGAAUCUUAAUUAGAAACGAAUUAUAGGAUGUCGUAUUUGUUUAUUUUACAAAUACUUUAAAAAAUUUAUAUUUUAAAGAAUUUAAAAUUGUAAUU', 405.20385003089905)]",,,,,,,,,,,,,,,,,,,,,,,,,,,,,,,,,,,,,,,,,,,,,,,,,,,,405.21834802627563
97,,,,,,,,,,,,,,,,,,,,,,,,,,,,,,,,,,,,,,,,,,,,,,,,,,,"[('AUGUGUUAUUAAUGAUAACUUUAAAAUAAAUUAUCCAUUGGAUGUAACUAAAUACAAAUAAAAAUUAUGUAACAUCAUGUUAUUAAUCUAAUUAUUGUAUAUAUAUAAUGUAUCCUACACUUAUCUUCGGUGAUUUUUUUAAGAAUUAUGGAAAAAUAAUAUAUCCUGUAAAUCAAAAUUUGGAUUUCAAUUUGAAUUAGUU', 112.13162612915039)]",,,,,,,,,,,,,,,,,,,,,,,,,,,,,,,,,,,,,,,,,,,,,,,,,,112.14657998085022
98,,"[('AUAUUCUUAACAUAAUAAAUUCAAAUUAUAACCUAAGAUCUAUUUUAUGUUGGAAAUAUAAAUGUUAUGGAGAAAAUUAUCAGGAUAGGACUCACAUUAAAACCCAAAAUUAGGUUCUGAUUUGAGCUUUAUUUUUAAACUUGAAAACAAUUUUUUCUUUUAUUAGAUAAGAAGUAUAGUGUACUUAUAUAAGAACAGGGUUUAAAGCUUACCCUACUGCCAAAUAAAAUUUGGCUAGACAAAUUGUUUAGGGCAUAUUUAUUGAAUGUGAUUUUUUCUGAGAAGAGUGUACUAAAGGAUCUUAUGAGUAUGUCGAUACUAUUUAGAAAAAUAGUUUUGUUAAUAAUAUAAGGUACUGAAUAUA', 402.11878418922424)]",,,,,,,,,,,,,,,,,,,,,,,,,,,,,,,,,,,,,,,,,,,,,,,,,,,,,,,,,,,,,,,,,,,,,,,,,,,,,,,,,,,,,,,,,,,,,,,,,,,402.1335639953613
99,,,,,,,,,,,,,,,,,,,,,,,,,,,,,,,,,,,,,,,,,,,,,,,,,,,,,,,,,,,,,,,,,,,,,,,,,,,,,,,,,,,,,,,,,"[('UUUUGCAGGGUAAUUUAUACUAUAAGCUAAAUAAUUAUAUAAACUCAGUGUAAAAACUACGAACAAAACGAUACUGUUUAUUAAAGUGUUAUUCAGAGGAACUAGGAAUAAAUUUCUUGUUUAUGAUUCAAUUUUUUUUUAUUCUAAUCACAUUCAUGUAUUUUCUUUAAUUUCAUUAAUUUAAUUUAAAUUAAUUAUGAAAUAGAGAAUACUUUUUCUUUACUUAUAAAAUUUCUUUUGAAUCGCAAUAUGAUAAUUUAAAGAAUGCAAUAAAAAACUGCAUAUAUAUUUAUAUCAAAUUGUACAUUAUCAGUCAACUUAAUCAAAAUAAAAAGCAAAUUACUACUACAUUAUAAUAAGUUUGAUACCUUUUUUUAAUCUU', 369.8231861591339)]",,,,,,,,,,,,369.83843421936035
