,seq,str
0,NNCNNNNCANNANGNNNNNNNAUNNNNNNNCNNN,((.((((.....[[[[))))..))......]]]]
1,NNNNNNNNNAUNCGNNANNNNNUN,.(((.[[[[[[)))...]]]]]].
2,NNNNGNNUNUNNNNCNNNUUNNNUNNANNNNN,.((((.....[[[[[))))......].]]]].
3,NNGNNNNUGNNANNUNNNNNNNNUNNAANNNNNN,.((((...[[[[[[[)))).......]]]]]]].
4,NNNNUNNNUCNGNNNANNNNNNNANN,.(((...[[[[[[)))...]]]]]].
5,ANUNANNNNNNNNNNNUNNNNGCNNNANN,.((((((...[[[..))))))....]]].
6,NNNNNGNNANNNCCNNCNNUANCNUNNNNNNNNNNNNNCNN,...............(((....[[[[[)))...]]]]]...
7,NNNNNNNNNCNNNNNNNNUUAAANNNNNNNGGN,.((((....[[[[[[))))......].]]]]].
8,NNNNNNCGNNUNNCNNNUUNANNNCNNNNNNNNNNCNNN,...............(((...[[[[)))...]]]]....
9,CNNNGNNNUNNNANCNNNNANNANNNNNNNNNNGGNNNNNNACNNNNNNNCUNNNNNGUNNN,.((((((((..............((((((.....))))))[[[[[.)))))))).]]]]]..
10,NNUNNNNNNNCNUUNNNNNANNCNNNNN,.((((.....[[[[[))))...]]]]].
11,NCNUNNNNNNGNNNUANNNCNNNNN,.((((..[[[)))).....]]]...
12,NNNCNNNNNNNNNNNUNCNNNNNNNNNANNNNNNNNAANNGNGNUCANNNNNANANNAN,(((((((((((..(((...[[[[[)))..))))....)))))))..........]]]]]
13,NANCNNANNNNNNCNNNUNGNNUNNNNNN,..((((.[[[[[..)))).....]]]]].
14,NNNNNNANNNCNNNNUNNNUNNNANG,.((((..[[[[)))).....]]]]..
15,NNNNNNNNANNNCNNCNNNANNNNNNNGUNANNNGNCNN,...............(((...[[[[)))...]]]]....
16,NNUNNNANNNNNNANNNNANNNA,.(((.[[[[[)))....]]]]].
17,NAGNNNNNNNNANCNNNNNNNNCNGNANN,.(((.[[[[[[[)))......]]]]]]].
18,GNNNNNNNANNNNNNCNCNNACNNGANNNNUNNNNNNNCNN,...............(((...[[[[[)))...]]]]]....
19,UNNNNNNUNNNNNNUNANNUNUNNNNNN,((((.[[[[[[[)))).....]]]]]]]
20,NANUGNUUNNNNNNNCNNNNANNNNNNNNNGNN,.((((.....[[[[[))))......].]]]]..
21,NNNNNGNNNNUNNNNNNAACNNUN,.(((.[[[[[[)))...]]]]]].
22,NUAGGNNNNCNNNNNNNNNNNNCNNNNNNGGAUNNNUANNNNNNNCNNCNNNNNNNNNANNNNG,.((((..((((....)))).....[[[[.[[[[[))))((((.....))))..]]]]].]]]].
23,NNNNNNNANNNNNNUCCANNNGNNANANNNUNUNNNNNNNNNUACNNUNGUNNNNNNNNNNNNNNNGNNN,.(((((((((....[[[.(((((...((((.....))))....)))))))))))))).........]]].
24,NUNNNNNUUNNNCNNCNNNNNCNNNNNNGNNNNNNNNNCNNNCNNNNUNCNNNNNANNNANANNNNGNNGG,.(((((((....[[[[[((((((...(((.(((.....))).)))))))))))))))).......]]]]].
25,NNNGNNCNNUUNNCCCNNNNUNNNNANNNNNNUNNNNNNN,...............(((...[[[[[)))...]]]]]...
26,ANUNNNNNNNCNNCNANNNANNNNNNANNN,((((.....[[[[[))))......].]]]]
27,ANNNNNNNNNNNCNNNNNNUGNCU,.(((.[[[[[[)))...]]]]]].
28,GNNNNNNUGNANGNNNNCNNNNANNNANNNNNN,.((((....[[[[[[))))......].]]]]].
29,GNNGNNNNNNNNNNNGNNNANNNNNUAGN,..(((.[[[[[[[))).....]]]]]]].
30,GNNNNNCNNNNNNCNNNNCNNUNNNNNGNNNNNUNNAGNNNA,...............(((...[[[[[[)))...]]]]]]...
31,NNGNNNUNNNNNCNNNNANGNNNA,.(((.[[[[[[)))...]]]]]].
32,NGNNNNNNNNNANNNUNUCNNGNN,.(((.[[[[[[)))...]]]]]].
33,NNGNNUNNNNNNGUCCNNNNANANNNNNNNNN,.((((.....[[[[[))))......].]]]].
34,NNNNNNNNNCNNNNGNNGNNNNNNNNCNAUAUNNGNNNCN,.............(((....[[[[[)))...]]]]]....
35,AANNNNNNNCGNANNNNNNNNCNN,.(((..[[[[[[)))..]]]]]].
36,CNNNNNNUNNNNNNUUCNUNNNNNNN,.(((..[[[[[.))).....]]]]].
37,NNNNNNNNANNUNCNNNNNCCNNNNCUGNANNNNCNNNNNNNNNNNNNNNACANNCNNNNNNNUNNCNNU,............(((((.((((((......[[[[[[.)))))).)))))..........]]]]]].....
38,NNNNUNNNANNNCNNNUNCCNNNNUNGNNNNNNNGGNNNN,..............(((...[[[[[)))...]]]]]....
39,CNNNNNNUCNNANNUNNNNNNNNNA,.((((..[[[)))).....]]]...
40,CNNUNNNNNCUNCNNNNNNNNNNA,.(((.[[[[[[)))...]]]]]].
41,ANUNNNANNNNNNNNANNCNNNN,.(((.[[[[)))......]]]].
42,UNNNNNNNNNCNNNNNUNNNANGNGN,.(((.[[[[[[[)))...]]]]]]].
43,ANNNUANUNNNNNNNNNNNNCNNNANAANNNNNCAGUNNNNNNNNNNNNUCNNNANUNNNUNNNNNNNNANNN,.((((((((((((.[[[[[[.........)))))))))))).....((.(((((.]]]]]]))))).))....
44,NNNGNGNNNNNUNNCNUNANNNNNN,..(((.[[[[[[)))...]]]]]].
45,UNNGNNCANCNNNNNNNCNNNNCNNNNNNANNGNANNNNN,..............(((..[[[[[[)))..]]]]]]....
46,NNNUNNNNNUNNNNAUANNNNGNN,.(((.[[[[[[)))...]]]]]].
47,NANNNNNNNNNNNNNNNNNGNUNNANGGANNNNNNNGANNNNNANNNNNCCGNN,................[[[[[[...((((]]]]]]............))))...
48,ANNNNNUNNNNUNUCCNNNNANANNNNNNNNNNNN,.((((..[[[[[[[[))))......].]]]]]]].
49,NAGNNNNNNNANNGNNCNGNNNNCCNNNNNNANCNNNNNNUNNCNNNANNNNNANNNNGNNN,...........((((((.((.[[[[[[[))))))))..................]]]]]]].
50,NGNNNUNGANUNNNNNNUNNUNNNNNNNNNNGGNNNNN,...............(((...[[[[)))..]]]]....
51,NGNUNNNNCNNNANNNUNGNNNGNCNGNNNNNNNNNNANCUNNNANNNNNNNNNCNNNNNC,.((((((((.....((((....))))[[[[[.))))))))................]]]]]
52,NGNUNUNNNNNANUNNNNNNNCNNNNANNNNNANNNAUNNNNNNG,.((((((...(((.[[[[[)))..)))))).........]]]]].
53,NNNNNNNNNNNNNUNNNNNNGNGNNNUNANCNANNNCNNNNUANNNCNNGNNACNNNNNGN,(((((((((........................[[[[[[[))))))).))...]]].]]]]
54,NNNCNNNNUNNNANNNNNUNNNUNNAANN,.(((((.[[[[[..)))))....]]]]].
55,GNCNNNUNNUNANNNANNUNNNNNGNNNNNGANNNGNNNNNNCGNNCNNNNANNNNNCNNNNNN,.((((..((((....)))).....[[[[.[[[[[))))((((.....))))..]]]]].]]]].
56,NNNUUNNNNCNGGNNNNNNNN,.(((.[[[[[)))..]]]]].
57,NGNGNNNNANNNNNNNNCNNNNNNNGNGNNUNANNNNNNNCA,...............(((....[[[[[)))...]]]]]....
58,NNNNNUCNNANNNNGCNNNUUNNNNUNNNNNNNNN,.((((((.[[[[[))))))..........]]]]].
59,NNNNNNNNANNNNNNNNGUNNUNNNNANNNNCNNNNNNACCA,................(((..[[[[[[)))...]]]]]]...
60,UNNNNNNCNNGNNNNNNANNNUANNNNANNNNNNNA,.((((((.[[[[[[)))))).........]]]]]].
61,NGNNNNNNNANNNNUNNANNAUNCNNNNNCUNNNNNN,.((((((...[[[[[..)).)))).......]]]]].
62,GNNNUNNNANUNNNNNNNUUANNNNNNNNNNGNNNNNA,...............(((...[[[[)))..]]]]....
63,NUUNANNUNNNNNNNCNNNNNNNNNNANNNACGNNNNNNNCNGCNNNNUNNNNNNNNNANNNNNNNGNANANANNNCNNNNU,...........((((((((((((((...[[[[[)))))))))))))).............................]]]]].
64,NNNNNANNGAGNNNNCUGNNNNNNNNNUNANNNNGNNNNNNGNNN,...((((((............[[[[[[))))))....]]]]]]..
65,NCGNNNNNNNNNNNNCNNNNNUNNANNNNNNNANNCNNNNUCANGN,((((...(((((.[[[[[)))))...))))...........]]]]]
66,NNGNNUGUNNNNNCNNUNNNNNNNNNNAN,.((((..[[[[)))).....]]]].....
67,NNNGNNNNNNACNANNNNNNAN,(((.[[[[[[)))...]]]]]]
68,UANNNNNGNNNNNNNNNUCNNNNNNUNCNNGAANNNNNNNNNNNNGNUNNNNNNNGNGNNC,...........((((((.(..[[[[[[[).))))))..................]]]]]]]
69,AGUNNANNNNNUNNNNNUNNNNNNNNNCNCNNNNNCNNNNNNNNNGANNNNNANNCG,.(((((.....((((......))))[[[[.)))))..................]]]]
70,NNNNNANNNNCNGNNUNANUNNNNNNN,..(((..[[[[[[)))....]]]]]].
71,NNNUNGNCNNNNNNNUNNNNNNU,.(((..[[[[[)))...]]]]].
72,NNNNANNGNNNNNNNNGNNNANGNGCANNNNNUNNUANNCNGNNNNNNNNNNGNANNNGUNNUNNNNNNNNCNNNANNNNNN,............(((((((((((...[[[[[[[)))))))))))((((((((.........))).)))))...]].]]]]].
73,NUNNNNNNANCNNNNNNNNNGNUNNNNANNNAANNNUNNNNNG,.((((...((((.[[[[[))))..)))).........]]]]].
74,NNNANNNNNNUUNNNNNNNNANCNNNNNUNNGGNCNNN,...............(((...[[[[)))..]]]]....
75,NNNNNNUNUUNNNNNNANNNGNNG,.(((.[[[[[[)))...]]]]]].
76,NNGNNNNNNNNNNGAUNNUGNNNNN,.(((.[[[[[[)))..]]]]]]...
77,NNNNNNNUNNNNNANNNANGUANNNNGNNNN,.(((((.[[[[[[)))))......]]]]]].
78,ANANNNNNNGNNNNNNNNNNCNANNNANNNNNGCNNNCNNNNANNCNNNNNNNNCGNNNNANNNAUANNNNCN,((((.[[[[[..))))........(((((]]]]]((((....((((....)))).))))........))))).
79,NNNGNNNNUNNNNNUNNNNNNNNNCNNNNNNNNCNNNNGNNAANCCNNAAANUNNNNNNNNAN,...........((((((((.[[[[[[[)))).))))..................]]]]]]]..
80,NAGNNNNUNNNNNNNNNNNNUNNNCNANCNN,.((((((..[[[[[[))))))...]]]]]].
81,NNGUNNNNNNUNNNANANNNNNNG,.((((..[[[)))).....]]]..
82,NNGUNNUNNNNNNUNNNCNUNNNNNNANNGNN,.((((.....[[[[[))))......].]]]].
83,NNNUNNNUNNGNNNNNNNNUANNUCGNNNNNNN,.((((....[[[[[[))))......].]]]]].
84,NNNNNNNGANUNNNNNCCNNNCNNNNNNCNNNAGNANNNN,..............(((..[[[[[[)))..]]]]]]....
85,NNNNNNNNNGNNNNNNNCNNNNNNNNNGNNNANCNUANNNNNNACNNUCNNNNNNGGCNNUNNNNNNNNUNCGNNN,.(((((....(((((.((....)).)))))...[[[.[[[[[[(((....))))))))........]]]]]]]]].
86,NGNNNNNNNNUNNNNCNNNUNNNNAUNNNGNNGN,.(((((....[[[[[[)))))......]]]]]].
87,GNGNNNCUNNNNNNNNANNANNNN,.((((.[[[[)))).....]]]].
88,NNUNNNNNNNCNNNNNNNNNNNCUNNNNNNNNNNNNNUNNNNANNNNNCGNNCNUNNNAANNNGNAGNNGUGCNNNNUGNNNNNNNNNNCNNNNANUNANNNNCNNNN,(((((((.(((((........[[[[....[[[[....{{{{.))))))))))))..........................]]]].....]]]]...........}}}}
89,NNNNNGNNNUCNNNGNNNNNNNNNNGCNGUNNANNNANUNNNNNNNNN,.((..((.[[[[..))(((((....))).))..))........]]]].
90,GNGNNNGNNANNNNNNUNNNNNNNNNNUNNNANNNNNUNUNGNNNNNNNNUNANNNNNNNNNCNGUCCNAGNNUNNNGGNNNNNNCNNNNNNNGNNNNNNCNNANNNNNA,((((((.(((((...((((((....))))))))))).[[[[[[[[[.....)))))).....(((((((......)))))))...]]]]]]]]].((((((...))))))
91,NNNGNUNGNUNNNNAGNNNNANNNNUNNANNNGNNNNNNNGNNNNNCNNANNNNNNUNGNNN,.(((..((((....))))......[[[.[[[[.)))..(((.....)))....]]]].]]].
92,UNGUNNNNGNNNNNNNUNNNGNNNNGUNNNNNNNNNNANANNUNNANNNNNNNNNUNC,.(((((..[[[[[[(((((((.........)))))))))))).........]]]]]].
93,NAANNUNNGNNNNNNUCNNNNNANNNNNNNGN,.((((....[[[[[[[))))...]]]]]]]..
94,NNNNNNUNNNNUNUNNNNGGNNUNNNNNCNNANGNNUNUNNNNNN,.(((((...((((.[[[[[))))..))))).........]]]]].
95,ANNUNGNNNNNNNNNNNANNNAUN,.(((.[[[[[[)))...]]]]]].
96,NGNNNNCGGNNUANUNNNNNNGNNUNNNNNNNANNNNNNNN,.............((((((..[[[[))))))......]]]]
97,NGNNGNNNNNNNANGNUNNNNNNUNNNNU,.(((....[[[[[)))..]]]]]......
98,GGNANNUNNNNNNNNNNNNNCNNANNNNNNNANNNCCNNCN,..............((((.[[[[.))))........]]]].
99,NNGNNNCNNAUNNCNNNNNNNNNGNNNNNANNNNCNNA,...............(((...[[[[)))..]]]]....
100,ANNNUNNNNNNNNACNNANANNNNNNN,..((((..[[[[)))).....]]]]..
101,NNNNNNNNNNNNANNNNNNGNCNANNNNNNNNNNANNCCNGAA,.............(((((..[[[.))))).........]]]..
102,NNNNNNNNAANCNNCCNNNNNNCCNNNUANNNNNNNN,...............(((..[[[[)))..]]]]....
103,NNNNNNCCNUNANNNUNNNNNNN,.(((..[[[[[)))...]]]]].
104,NNNANNNNNNNNNNCNNCNNNGNNNUNANNNNNNNUNNNNNNGNCGNCCUANNNNUNANNNNNNNNGNNNN,............((((((.((((((....[[[[[[[))))))))))))...............]]]]]]].
105,NNNNNNANNNNCNNNCUNANNNGNNNNGNNNNNNNNCCNA,.............(((....[[[[[)))...]]]]]....
106,CGNUNNNNNNANNNNNNNNANNNNNNNNNNNNANNGANNCNNCANNNN,(((((..[[[[[[))))).....((((((......)))))).]]]]]]
107,NNNNNNNGNNNGUGUNNNNNNANN,((((((.[[[[))))))...]]]]
108,NNNNUNNNNCUNNNNNCNNNNNNGNNGNNCNACNNNANNNN,..............(((..[[[[[[)))...]]]]]]....
109,NNNNNNGNANANNNNNANNCNN,(((.[[[[[[)))...]]]]]]
110,NNNUNNNNNNNUNCNGNUNNNUNNNNNNNNNNAANNANN,.((((((.........[[[[[[))))))...]]]]]]..
111,NANUNNNNNNNNNNNCNCNUNNNNANNANNANN,.((((.....[[[[.))))........]]]]..
112,NNNNNNNNNNANNNNNGGNNNNNCNGNNGNNNNNNNNANUNAANNNCNGN,...............[[[[[..((((((]]]]]...........))))))
113,NNNUNUNNCANNNNGNNNNNNNNNNNGNNNNNNCNNAUNNNNNNGGNNNNNGNAGN,.((((((((...............[[[[[[[[[[.))))))))..]]]]]]]]]].
114,NNNNNUANANNNNNNNGNNNNCNNUANNNNNNNNANNNNNNNUG,.(((((...((((.[[[[[))))..)))))........]]]]].
115,GNNNUNNNANNCNCCNCNNNNNNUNNNNNANANNNNNNNN,...............(((...[[[[[)))...]]]]]...
116,NNNNNANGGANNNCNNNNNNNNNNNNNNNNNANANANNNNNNNNGCANCN,.............[[[[[..((((]]]]]......))))...........
117,NGNCNNNNNNNUNGNNNNGNNNNNNNUN,.((((.[[[[[[[))))...]]]]]]].
118,ANNCNNNNNNNUNNGNNNNNGNNNNNUN,.((((.[[[[[[[))))...]]]]]]].
119,AANNNNNUNNNANNGNNGNNNNNNNNNANCNCCNNNNNNNNNNNNNNUG,..............(((((.[[[[[[[.)))))........]]]]]]].
120,NNANNNNCNGNNNNNNNNNNACCNNNNNNNACNCNNNNNA,.......(((..[[[[[....))).......]]]]]....
121,NNNNANNNUNNNNNUANNNANN,..(((.[[[[))).....]]]]
122,NNNNNNNANNNNNNNNNNNNNNNGANGNGNNNNNNUNAAANUNNNNANNNANNGN,((((((..((.(((.[[[.[[[))).))..))))))...........]]]..]]]
123,ANUNNNNNNNUNNNNNNNNNGNNNNNANNNNANNNNNANCGNANCNNNA,.((((((...........[[[[[[............))))))]]]]]].
124,ANNNNNNNNCNNGANNNNNNNNNNNUGNNA,..((((..[[[[)))).....]]]].....
125,NNNNNNNANANNNNNCNGNNNANGNNNNNNNNNCNNNUNNNNNNCUNA,.(((((...........[[[[[[.............)))))]]]]]].
126,GNNNNNCAANNNNNNNNCNNNNUNGNGNGANNNNNNNNNNN,...............(((...[[[[[)))...]]]]]....
127,GNNGNNNNNNNNNNNNNUCUNNNCNNNNNNUCNUNNGNNNNN,...............(((...[[[[[[)))...]]]]]]...
128,NNNAAANNGNNANNNNNNGGNGNCNNNNNNNNNNNNNNN,............(((((..[[[.)))))........]]]
129,NGNNANNNNANNNGGNUNNANNNNNNNNNNNUANNANNUNNNNANANNNNNNNGNNN,.((((((.....((((....))))[[[[[))))))................]]]]].
130,NGNNNNNGNNUNNUNNNNNNUNCNNNNCNANNUNNNCNNNNGNNNCNCNNNNNNNUCUNNNNNN,.((((..((((....)))).....[[[[.[[[[[))))((((.....))))..]]]]].]]]].
131,NNAGNNNNNNGCNNCNNNNNCNNNANANNNNNNN,(((((...[[[......)))))........]]].
132,NNNNNNCNAANCNCNCNNNNNNNNNNGNGANNNNNANNNNN,...............(((...[[[[[)))...]]]]]....
133,NNCNCNNNACNNNNCNNNNNNNNNUNNN,..(((.[[[[[[[)))....]]]]]]].
134,NNNNNNACNNNNNNNNNNNANNNNNNNUNNCNNCANNNNCGNNNUNAN,(((((..[[[[[[))))).....((((((......)))))).]]]]]]
135,NNUUNGGNNNANNGNNNNNNNNGCNNNNUNACNNNNNUNNNNNUNNNNNNNNNNNG,.((((((((...((((.....)))).[[[))))))))................]]]
136,NNGNNNNNUNNANNCCNNUNNNNNNGNNNUNNN,.((((....[[[[[[))))......].]]]]].
137,NNNNNNNGCNNNNNANANNGNNNA,.(((.[[[[[[)))...]]]]]].
138,NANNNNNGUNNNGGUNNNNNNNNNCNNCNNGNNCNNANNNUNNNNNNCNNUNNNNNNGNNNN,...........((((((((.[[[[[[[)))).))))..................]]]]]]].
139,UNNNNNCNNCNNNCNNGNNNANNNCNANNNNNNNNNNGANNN,...............(((...[[[[[[)))...]]]]]]...
140,NNNNGNNNANNNNANNGNANNN,(((.[[[[[[)))...]]]]]]
141,NGGNNGCNANNNNNNNNNNNANNNUNGNNNNCANNNNNNNNN,...............(((...[[[[[[)))...]]]]]]...
142,NNNNCNANNAGNANNGANGNNUNNNNGNNNNNNUNNNNNNNNANNGNNNNNNNNGN,.((((((((...............[[[[[[[[[[.))))))))..]]]]]]]]]].
143,NNNUNNNGNNNNNGNNAACNNNNN,.(((.[[[[[[)))...]]]]]].
144,NNNNUNNNNNNNNUNNCUNNNNCCNNNNAGNNGNNNN,...............(((..[[[[)))..]]]]....
145,NNNNNNCNANNNNUCNNNNNNNNNCNNNUANNNGNNCN,...............(((...[[[[)))..]]]]....
146,NNNNNNNUNGUGNNNGNACNNNANNNNNNNNNN,.(((((..[[[[[[[))))).....]]]]]]].
147,GNNNNNGGNANNNNNNNNNNUNNANNN,.((((...[[[[))))......]]]].
148,CANNGNUNUNNNCNNNANNNNNNNNNNNNNNU,.((((.....[[[[[))))......].]]]].
149,ANNNNNNNUNNCNNNNNNNNANUNNANNNG,((((.....[[[[[))))......].]]]]
150,NNNGNNNNUNNNUNNNNUNNNNUNNNNGGN,((((.....[[[[[))))......].]]]]
151,NNNNNNNNGNUNNCNNAANNNNNA,.(((.[[[[[[)))...]]]]]].
152,NNNNGNNNNCUNNGNUANNNNNNN,.((((..[[[)))).....]]]..
153,NNNNANNANNNGNNNNNNCNNAANNNNNCUNN,.(((((...[[[[[))))).......]]]]].
154,NNNNGNGNNNNNNGNNNNNUNNNAANCNNN,(((((.[[[[[[..))))).....]]]]]]
155,CNNNNNNNNNNNGNNNNNNNUNANNNANNNNNUNNNGUNNCUAGNNNNANNNNNNNNNGGNN,.(((((((......(((((....))))).[[[[.)))))))................]]]].
156,NNNNNUNNNNCGNNNNNNNNGNNAUN,.((((..[[[[)))).....]]]]..
157,NNNNGNANGNANNCUNNNNNNNNCNNUANNUNNNUNNCANNNNNNNNNNGNNCNNNNNGNNNNGAANNNNNNNNNNGNNNCNCCNNNNGNNNNNNN,.((((((((..((((((..[[[[[.))))))....((((((.....)))))))))))))).((((((.....)))))).........]]]]]....
158,UNNNNNANNNNUUNNUANANNNNNNNNGNNNUGNNNNNNNCNUNUNNNNNNNNNN,.((((((((((.........[[[[[[[)))))))))).........]]]].]]].
159,NNNNNNNCANNNNNGNNUANNNNNCNNNANNCNNNGNANNNNNUUCNNNCNNNNNNNNNUNNNNNNAN,(((.(((....((((.[[[[[[[..........)))).....))).)))............]]]]]]]
160,NNNNNNNNNUCGNNANANNNNNNNG,.(((.[[[[[.)))....].]]]].
161,NUNNCNUNGNNNNNNNANNNNNNNANAUANNNNUNNNNNNUNNNUUNNCGNANNNNNNNNNNANNNNNNNN,.(((((((....[[[[[(((....(((((((((.....)))))))))))))))))))........]]]]].
162,ANCGNNNNNNNNNNNNNNAACNGNNNNNNN,..((((..[[[[)))).....]]]].....
163,AANCNNNNNNNNNNNUNNNUNNNNNA,.(((..[[[[[)))......]]]]].
164,NUNNNNNUNCUANNNNNNNNNGNNNNGNNNNGNNNNNNNCGNNNNNNNUUNNNNNUNNNNNANNNAGNNGNN,............((((((.((((((....[[[[[[[))))))))))))...............]]]]]]]..
165,NNNNNNNNNANAANCNUUNNNNGNNNNNANNNNUNNNNNNANGNNNN,.(((((((......[[[[)))))))...............]]]]...
166,GNNNNNNGNNNNGNCNNNNNNNNGUANNNNNANNUNNNNNNGNNNCN,(((.((((((.[[[[.)))))).....((((.]]]]...))))))).
167,GNNNNNNNANNNCNNNCNNNNNNNNNNUANGNNCNNA,...............(((..[[[[)))..]]]]....
168,NNNGANNNNNNNNNNNNNNANNCCCNNCNNNNNGCNNNNGAUNNCNNNNANANNNNNNNNNN,...........((((((((...[[[[[[)))).))))..................]]]]]].
169,UUNNNNUGNNNNNGNNNNNNNNNNNNCNNNAANNNNNNG,.............((((..[[[[))))........]]]]
170,NNNNNNNNNGNANNCNNNNGNNNNNNNNNUNANAANNNC,............(((((..[[[[))))).......]]]]
171,NNNNNNNNNAGNNUNNNNNNNNUNCNNNNNNGNACNNCNNGNNANNNNNNACNGNNNGNNNNNNUNNNUGGNNNNNNGUNNNNGNNNNNANNNNNU,.(((((..[[[[)))))......]]]].(((((((.(((((((((.((((.......))))......))))))))).)))).)))...........
172,NNNNNNNNNUNGNNANGNUNNNNCNNUNNNN,(((((((...[[[[.)))))))....]]]].
173,UNNNNNNNANNGNNNNNCNUNNAUNNNNNCNNN,.((((....[[[[[[))))......].]]]]].
174,NNGNCNGCANNNUNNCNNNNNCNUNNCNNNNNNNNNNUNNNNNANAUNNNNNNNNNACNNUNCNNNNNGNNNUNNNNNNNNNGANNNN,.(((((((..[[[[[[[{{{.[[.....}}})))))))]]....(((((((((((((...))))))))).)))).....]]]]]]]..
175,NNNNGNNNNNCNNNCNNANNNNANNNNAUNN,.(((((.[[[[[[)))))......]]]]]].
176,NUCNCNNNNCNNNNNNNNNUNUNNNNUNNAANNNNNNNNNNNNGNNGNCNNANNANNNNNNANNNNA,..((((..((((....)))).....[[[[.[[[[.))))(((((.....)))))...]]]].]]]].
177,NNNNNNCNNNNNUNUAUNNNNCNNN,.(((.[[[[)))........]]]].
178,NNNANNNNNNANNUANNNANNNNNGNNNNNNCNNNNUNUANANNNNNGNNNNNUANNNNNUNNCNNN,((((.((((((.[[[[[[[))))))))))...............................]]]]]]]
179,CNNNNNNUNNNNNNNNNNNNNNAAGNAN,.((((..[[[[)))).....]]]]....
180,NNNUNNNNNNANNUNNANNNCNN,.(((.[[[[)))......]]]].
181,NNNNUNNANCNCNNNNNNNNCNNNNNNGNNNCNNCNNAANN,...............(((....[[[[[)))...]]]]]...
182,NNNNGNNANUNNCNNNNCNNUNNNNNNCUNGNNANNNNNNNUNNNNNCNNNN,((((((((((.(((.[[[.[[[))).)))))))))).........]]].]]]
183,NNNGUGAUUNNNNNNNNNNNNNANNNNNNUANNNNNNNCNNNUANNCNNNNNNANNNANNNNNCNN,.((((((((.....(((((.((((....)))))))))[[[[[[)))))))).....]]]]]]....
184,NNANNNNCNNNGANANUNNNNANNGNUNNNUNNNNNNNCNNNNNCNNCNNCCNNNNNNNNNAANNNNCNNNNNNUNN,((((((....[[[[[)))))).(((((.......)))))..........(((((((.........)))))))]]]]]
185,NANNNNNNNNANNANNNNCNC,.(((((..[[[))))).]]].
186,NNNNNNNNCANNNNNNANNGCNNA,.(((.[[[[[[)))...]]]]]].
187,CUNCUNNNNNNNUCNNNNUNNGNNNNNNANNNNNGNNNNN,.(((((((...[[[[.)))))))...........]]]]..
188,NNNUNNNCNNNNNNNNNCCNNCUANNNNNNNUNNNNANNNNNUNNNGNNNNNCNNNNGNNCGGNNNNNCNNNGNNNNNNCNNNNNNNNNGNNNNNNNNCNNNNGNNUNNNNNANNUNCNNNAUANGNAGANNN,.(((((((..((((((..[[[[[.)))))).......(((((((....)))))))..(((((((((((......)))))))....)))))))))))((((((((....))))))))........]]]]]....
189,NNUNNANNNNCNNNNCNGNNNNGNANNGNNANNNNNNCNN,.............(((....[[[[[)))...]]]]]....
190,ANNNNGNGNNNNNNNNNNNNNUGNNCN,.(((.[[[[[[[)))....]]]]]]].
191,GNANNUNUNNNNNAGNNNNNCGNNNNNNNNNNNNNNU,.......(((((..[[[[..)))))....]]]]....
192,NGNNNNUNUUNCCNNNNNNNNNNNNNNGGNNNNN,.((((...[[[[[[[[)))).....]]]]]]]].
193,GNNNNNNNNNNNNCCNNUCNANNCUGNNNNNNNNNNNNNNNA,...............(((...[[[[[[)))...]]]]]]...
194,NNNNNNUNNNAANNNNUNNNNNNNNNNNNNNNUUGNGNNNNUNGNNNNANAUNNNNUNGNNN,.(((((((......(((((....))))).[[[[.)))))))................]]]].
195,NNGNUNNNNNNNCNNNNNNNUNNNUNNGNNNAANNNNGNNC,...............(((....[[[[[)))...]]]]]...
196,NNNNNAANNCNNNNNNNNGUCNNNNNNNNNNGNNCNA,.......(((((..[[[[[[)))))...]]]]]]...
197,NNNNNCNCNGNNNNNNNNAANNNNANN,.(((((.[[[[[)))))....]]]]].
198,NNNNNNNAAGNNUNNNNUNNANNNNCNNNNNAN,.((((((((..[[[[)))))))).....]]]].
199,NNGNNNNNUNUACNNNNNUNNNNN,.(((.[[[[[[)))...]]]]]].
200,NNCNNANNNUNNNNNCNNNNGNNNNNCUCNNNGNNNUNNNUNNNN,...((((((.............[[[[[))))))....]]]]]...
201,UNNNGNNNNNNNNNNNNGGNCNNNNUNNNNNANNNUNGGGNNANNNNNNNNNNGNANNNGN,...........((((((((..[[[[[[[)))))))).................]]]]]]].
202,UNNGNNNGNNNNNUNNNNNNNNNNNNNNNNGANGNNGNNUUNNANNNNANCANNNNNNNNGNNC,.((((..((((....)))).....[[[[.[[[[.))))((((.....))))...]]]].]]]].
203,UNNNNUNANNNCCCCNNNUNNNNNNNNNNUNNNNNNANNN,..............(((...[[[[[[)))..]]]]]]...
204,NNNANANNNNANCNNNNNNNNNGNNNANNNNNNNNNNNANNCCNNNNNCANNUAGNNNNG,.............(((((((((((...[[[[[.)))))))))))..........]]]]].
205,NUNNNNNNNNNNGNNNNCNUANNNCNUNNUNNN,.(((((.[[[[[[[))))).......]]]]]]]
206,GNNUNNNACUCNCNNNNNNNNNNNNNNNNUNCNNNNNN,.............(((..[[[[[[)))..]]]]]]...
207,ANNNAGNUNNNNNNNNNNNNNCNNNC,..(((...[[[[)))......]]]].
208,UNNNNNNNNNNNNUNANNNNNNUNNANUNAUACNGGNNNNNNNNNNNNNGUNNNNNNNNNNNNANUNNNAN,.((((((((....[[[[((((.....((((((((.....)))))))))))))))))))).......]]]].
209,NNGGNNNNNNUNNNCCNCNUNANNNNNNNNNANNNNNNNCN,...............(((....[[[[[)))...]]]]]...
210,GNNNUUNNAAUNNNNNNNNANCNCNNNNNNNNNNNNN,...............(((..[[[[)))..]]]]....
211,NNNNANNUNNNCNNNNNNGNNNUNNNNNNNNCUNNANCNNNNNNNNNNGNNCNNAUAANNNNCNNN,............((((((((((...[[[[[[[[[)))))...))))).........]]]]]]]]].
212,NNNGNNANNNNNANNNAGNUUNNNNGNNNNGNNNNNNNANNNNNNNNNCNNAUNNNNNNNAUNAANNNNNNN,.(((((((((.......((((((((....))))))))[[[[[)))))))))..............]]]]]..
213,NCNGNNGAGNNNNNNNNNNANNGNNNNNNGNNUNNNNNCNNNCCNANGNNNUNANNNNNUNNNNNNANNNAANNNNNNNNNNNNU,.((((((.......[[[[[[)))))).....(((((((.....(((((((....)))))))......)))))))....]]]]]].
214,NNNUNNNNGNUNNNUNNNANNNNANNNNANN,.(((((...[[[[[[[)))))..]]]]]]].
215,NNNNNNNNNNNNNAGNUNNAGNCNNN,.((((.[[[[[[))))...]]]]]].
216,NANNGNNNUNNNANNNNNUNNNNNNUNAN,.((((...[[[[[))))......]]]]].
217,NGGNNNNNANNNUNGNNNNNANNCNANNNNNUNNNCNNNNNNNNUNNNUANNNNNNNNG,.((((((.....(((((....)))))[[[[[))))))................]]]]].
218,NNNNNNNNAUAGGNNGNNNNNNNNNNNNNNNNNGNUNNNNNNGNNNNUCNU,.((((((((((...[[..[[[[[[)))))))))).......]]]]]].]].
219,NNCGNNNANANNUNANGUNNNNUNNNNNGANNNNNNNNNNNNNNNNN,.((((...(((((.[[[[[)))))..)))).........]]]]]...
220,UAGNNNNNNNNNNUNNANNNNNNNNGNANNGNN,.((((....[[[[[[))))......].]]]]].
221,UNNNNNNNNNNNNNNGNNNNNCNNUNUNCNNNNNNNNNNNNNNCNNNUNGNNNNNCGNGCNUNNNNUNGCNUNNNANNUCNUNNNANGNNGNNNNCGNANNNNNUNNNNANNNNNNGNNNNNNNNNANNNGANNNNN,....(((((((..((((((..[[[[[[)))))).......((((((....))))))..(((((((((((.....)))))))....))))))))))).((((((((......))))))))........]]]]]]....
222,CNNNUNNNCNNNNNANGNNNNN,.(((..[[[[)))..]]]]...
223,UUNNNANNNNUNGNNNNNNNNNNNNNNNNNCNNUNNNNNNNNGNNNNGNUNANNNNNNNNNNCNAUGNGGNCN,.............(((((((((((...[[[[[[...)))))))))))...................]]]]]].
224,ANNNNNCNNNANNNNGNNNNUNNUUNACNNNNCNNNNUNUNNNNNNNNNNGGNNNNCNNNNNNNNA,.(((((((.......((((((((......))))))))....[[[[[)))))))....]]]]]....
225,NNNNNNNUNNNNNNNGGGNNACNNNNNNCNNNNNNAACNNNNNNNNC,..............[[[[[[.....(((]]]]]]....)))......
226,NNNNUNNNANUNNCNNNNNANNNNCNGNNNNNNNNNCA,...............(((...[[[[)))..]]]]....
227,NNNANNNNNNANNNNUNUNNNNNNAG,(((....[[[[[)))......]]]]]
228,GNNNNNUNNNANNNCNNGNNNNANNANUNNNNN,..(((((..[[[[[[)))))......]]]]]].
229,NNNNNNNNNNNNGNNNNNNGUCNANNANNNNNCCN,.((((((..[[[[[)))))).........]]]]].
230,NGUNUNNUNGNNCNNGNGNNNNNNNNNNNNNNNNUNNNNNNANNUNNNNNNNCNNNUANUNNNGNNN,(((((((....[[[[((((.....((((((((.....))))))))))))))))))).......]]]]
231,NNNNANANNNNNNGNNNNNNNNNNUUNANUNNCNNNNUNNANNNNNNG,.((((.((((.((((.[[[[[)))))).)).)))).......]]]]].
232,NNNNNNUNANNAUNUNNNNUUNNNNNUCNNNNUGNNNNNNNNCNNNCNNNNNNUNNCNANNNNN,.((((..((((....)))).....[[[[.[[[[[)))).(((.....)))...]]]]].]]]].
233,CNNNNNGNNUNNNNNNNCNNNU,(((.[[[[[[)))...]]]]]]
234,NNNAANNNNNNGNNCNNCNNNNNNNNNNNANACNNNCNN,.............((((..[[[.)))).........]]]
235,NNNNNCNNNNNNNNUNNNGNNNNNNNNNNUNNNNAUNNANCUNAUNNNNC,.(((((...[[[[[((.(((...))))))))))...........]]]]].
236,NNNANANNNNNGNNNNGNNNNANNNGUNNNNNNNNNCNCNNNNCNUNNNNNNNANNNNNNGNANCNCN,.............(((((((.....[[[[[[[.......)))))))..............]]]]]]].
237,AGNNNUUNNNNNUNNNNNNGNNNNNNNGNN,((((.....[[[[[))))......].]]]]
238,NNUCNNNNNNNANUNNNNNNUNNNNNNGNNNANNNNANNANNNUG,.((((...(((((.[[[[[)))))..)))).........]]]]].
239,NNNNNNANNUCNNNNCNNANNANNNNNNNGAANNCNNUNNNNNNNGNNN,(((((..[[[[[))))).....(((((((.......))))))).]]]]]
240,NGNNNNNGNNNNNNNUCNUNNNNANNNNUN,(((((..[[[.[[))))).......]]]]]
241,CNNNUNNCNNNNNNNNNNNNNUNGA,.(((..[[[[[[)))...]]]]]].
242,NNNNNNNNUNCNNNNNAAAGNNNNNN,..(((.[[[.[[)))...]].]]]..
243,NNNNNNNANNANNNNNNNANNANNCUNGGNNNNNNNNNNNCA,...............(((....[[[[[)))...]]]]]....
244,NNNNNNNNNNNCNANNUNNAANNGNNNN,..((((..[[[[)))).....]]]]...
245,UNNNNNUGNNNNNNNNAANGNNNN,.(((.[[[[[[)))...]]]]]].
246,GANNNNCNNANNNNNNNAANNNNNNN,.(((((.[[[[[)))))..]]]]]..
247,NNNNNNNGNNNNNCGNNCUNNNNNNUNNUNNA,.((((..[[[[[)))).........]]]]]..
248,ANCNNNNNNNNNNACNUNNNANNNNGNNNN,..((((...[[[)))).....]]]......
249,NNNNNNACAAGNNNNNNNUNNNNNNN,.(((.[[[[[[.)))....]]]]]].
250,NNNNNNNNNNUCNNCGUNNNNANNNN,.((((..[[[[[[))))..]]]]]].