,0,1
0,UCGGCUGCUGCGCCGA,0.0
1,CCCUCCCCACUGGCAAAUCGGAUAGGCCGGGCGCCCCGGGGCACCCCGGGGCCCCCCGGGCGGUCCCCAUCGACCGGGGGGGGUCCCCGGGGUGCCCGCGGGCGCCCGCGGGAGGG,0.0
2,GCCCCCAGGGCGCGAGCCCGGGAGGCACGAUCGUUU,0.0
3,GGGGGCCCCCGGGAGCCCCCAGGUAACAUCCCGCGCUGGGGCCCUAGUAGGCGGGGGUCACACCGCGGGCCCCCCCAGCCCAGGGGGCCCGCAUACGGUUCCCCAGUAGCCGGGAAAACCCCAGAAUGGCCCUUCGAGCGGGCCAGCGCGUCGCUAGGUAAUGGGGGGUCCCAGCAGGGGGCCUACCCCGAA,1.0
4,GCCGCAAGCCGGAAACAUCCGGUGAGAGAACGCCGCACGUGGAGCCCAACGCCAGUGGGCGUGGGAUGGGUCCGUGCCCUGCCCGGGCGGCCCCGGGCAAC,0.0
5,GCCCCUCCCACGCUACCCAGUGGAGCACCAACGAUCACAACGCAUAUGCCCGGAAAUGACGGGCGGGGGGCUGAAGCGUGCAAAUCGUUUUACAAUGCGAAGCAUCAUCCCGUACCGCUCUUCCAGCUGUCACCAAGCUGUGCGCGCCGUUGGCGGGUGCGCCCAUAGGUAGGGGCGCCGCCUAAUAUCGGCGGCUCAGGGGGAGCUUAUAUCCCCACCCGCCUCUCGGGCAGCCAGCCCGAAUACGAGGGCCGGGGCUGAAGUUGCCCCGGUAAGGCGUGUCCAAAGCGCCGCUGCCCAUUUGGCCCGCCAGCACAAUCUUCCGUGUGGGCAACCAAGAUUUGCCCCUUUGCCGCCCACGAAGCGGCGCGGGCCCCUU,0.0
6,UAAGCGGCCCGGCGCCCGGGGUUCGCGUCCGGGCAAACACGACCGGUACCCCAAACCUUCGAGGGGGACGUCAGUUACUAUAGGCGAAGCGAACCCCGUUAGGCCCCUCCCAUGGCGUAACUGAAAUUGCCUGGCCCUUAUCUCACUGGGCAUAGCCUACGUUUACUGGCUUGGGGAGGGGCCCGAGGGGUGCCCGACGCGGGUUCCACAAACCGCUGGCCCUUCCUUGAUCGGGCACUGCCCUACGCACUAGGCAUGCGGGCGCCCCGAAGCCGGGCCCAUCU,0.0
7,AGGGGAUCCCUG,0.0
8,GGACAGCCAGACAAUCUGCAGCUUCCUAAGCGAUGCGUCCCGAGGAUUUGCACGCGGAGCCAGGCGCCCUACGGGCUGGCCGGCAAAGCUUGAUAGGCAGGGCCUUAGUCAGCGGAAUCACGACCUGGAGCAGGAAUCGGAUCAGUCAACGCGACCCCCGGUCUCGCGUGAAUAGCCACCCGCGGACUCCGCAUGGGGGUAUUGAUAGGCGCGCUUAGCGUAGGCCAUCUCAGCCAGUGUCACAAAGUGAGUCACGGU,2.0
9,UAUGCAACUAGGCUGCGGAGCCCCCUUAUAAGGGGAUCAGAGAUC,0.0
10,GGCCGCUCACGGGGUCCUAGCCCCUGUCGUGCGGCC,0.0
11,GGCCCUCAGGCUAUUGCCCCCCCAUCCUGGUCCAUCCCGCCGGGAGGGGGGCUCCGCCCGCCGUAGAAUCGUGGCCAGUGGAGGGCUAAUGCCUCCACGGCCACGCUUGCUGGGCGCCCGGAGACCUAGUCCGGGCGGCCCAGCCGAUGGUGGCGGGCUGCGCGGCCCGGCCGCCAUGACCGGGCGGCCGCGGGCCGCCUCCAGGGACGCUUG,0.0
12,GCCGCCCUGGACCGAGGGGGGUCGGGGCGCCCGACGCCUCCCCCUUGGAGGGUCCAUCUUGGGCGGU,0.0
13,AUACAGCAGACUAAGAAGUACGAAACCUCGCCCAUAUUUGACCGCACAAGCUUACCUUCAGGAACGCACAAGCGAUGCAAACGCUAACAAGGACACGA,4.0
14,GCCAGAGACUCUAAGCAACAAUCGUGCGGC,2.0
15,AGAAGGGAUAUAGCACGAGCAAAUCAGACCACAAGGGAACAAAGCACACGUACAGUGACCAUAAGGAGGGAAGGGGGGGCCCGGAGGCGUAAAUUUACAGAGUAG,9.0
16,GCCCGGAACUCGAUAAUUCUAACGGAUAGCCAGACCCAACAGGACAAGCAACAGCCCCCGCACCAGCACAAGGACACCCACGUUUCUAACUUCAACCACGUUAUA,3.0
17,GCCAGGAACUGCCGCCGUAGGAUGGGAAUGCGACCCUCACUGGUUCCAAUGCCUUUCGGACCCUGGC,0.0
18,UUGACGGGCAGCUAGUACUCUCGGCGGCCGUAAGGAAUUAGGCAAGCAGUCCAGGCAUGCUAGGCACCCAUGUGACCGCCCUACUAUAUCGAAGACACCUAAAU,0.0
19,GGCGGGAUGAGAGCGCCCGCCGGAGGGCGGGCCCCUCCCGCC,0.0
20,UAGAAGCCGCUGGGAAGCCAGGAGAGGGUUUAGAAACUAGUGUAGCGACACUCGCCCCACGGGGCUCUCGCGUGCAUGCGUCGGCAGUUAUUCGAUCUUUGAGAA,0.0
21,AGAAGCUCUCGUUCGUACUCUAGACCAAAGAUCCUAAAGACCCCAACCUCAUCUAUCGGCGUUAUUCGAUUACCGCGGCCGUUACUCACCAUUACUUCGAAACCUUUACCGCUCAGACAAUCAACGCUAUACCUAUUUCUGCAUUUCGAUUCGCGUUAUACCAAAUACAAUACAGACCAAGACAGCCAGCCGACAACAUUUUCACAGAUAAGCCCUCCGAUCAAAAUAUGCACUGCCCCUAAAAUUCUACCAAAAACGCCGGUUAACAUCCCCUCCGAAUUCCACCUAAAGAUCGAUGCCCCGGAGCGGUUACCCCGUGCUCGCACGCCUCAUUUUCCAAUGGCAAAGUAUUAUAACCCCCCUACCUCUGCUUUCAUGUGCCCCGUCUCUCCCCUUAAGC,41.0
22,GCGUGCGCACCGAUGGG,0.0
23,UACCACGGCCCCGCGGGAGCUACUAGUCCCGGAUGAUCGCCGGCCCCAGUUGGGCCCGCCCCAUAGGGUUGCGUCAAUGGGCAGUACAAUAGAGGCACACAUGU,1.0
24,GGGAAAGAGCUAUUAUGAUAAGAACCAAAUUCGCCCAUUUUUAGGCCUGGAGUCGAGCACCC,1.0
25,ACGCCCGGGCACGCGGCGCCGGGUUA,0.0
26,AGCAUGACCGAGCGACCUGUCUAGGCCCGUUCUCGGGCCUGGCGGCCCGGUCCAACU,0.0
27,UGACCCGAGGCCGCCCCCAGCGGCAUUCGCUUACAGCGAUCUCCCUAUAAAAGGGACAAGGGGUCACCCCUCCGCCCCGGUCAGGGGCCACGCGUUGAACGCGCGGGGGGGCCCCCCCGGGGGGGGGGAGGGGCGAAAAAGCCCCAGUCCAACCAGUAGCAAUAGGCACGUUUCCACGCCACAGUAACACAUAGCCCACUAAUCGCAAGUGCCGCCGAGUCAGACCUGGACGGCCGGCUGCGGCCUUCCCCCCCCCCGGGGGGGCCCCUAGCCGCGGCUCUUGCGGAGGGGCAUCGAUUGCCUAGCUGUCUAAAUGGCAGGACCCCAGGGAGUGGGGACGCCCAGCUAUGGGCCCUCAGCCUGUCGCUGAACGGGGAU,1.0
28,GAUAAGGGCGGGGAGCGCCGAGCGGUGGGCCCCUCGCAUUCAAAGUUUGCGUGGCCUCGCUCCCUUAUUGGGUCCAUGGCCGCCCACACGUAGAACGAUCACCUU,1.0
29,CGGCCUUGGCCCUGUGGGCCCAAGGGGGCCC,0.0
30,AAUCCGGGCCGGCCUAAGGCUCUACUAGCCCUCGCCACCGUCUGAUCUCGCACCGGUCAGGGCAGUCGAGGGGCGGGGCGGUAGGCCUAGGCCGCCCACACC,0.0
31,CUAAAUAAGUUUUACAUCCCGUAUUGUCCCUGGCCCUUAUCGGAAUCCUCUCUAUGACUCCCGGUCCGCUGUAUGCAGGUCCUGGCCGUGCGCAGAGUAGUUUUACCAGAACUCCACCGAGG,5.0
32,AAUACUAGUCCUGAUGUGCUAUCGAAACCCAUCGCUCCUGAGGUC,1.0
33,CUGUAGCUCUGCCGCGAGUGCGGCUGACCCGAGUCCGACGCAAUAGACAAGGCCUUUGCCCCCGGUUGCGGAUGUCUAUCAAUGAACAUAAAUCAG,3.0
34,GUCCAGGCAAUUAACGGAUUAUCCUUUCUAAUGAAUUUAAGAGCGAACCGUCAGGUGGUCAGAGGCCCGCAAAGUAGGCUGUAGAGUCUCCAUAGGAAUAUAACGCCCCAGUGACUGAGGACC,9.0
35,AUGCACGCCGGGAAAGGCCGACGGGGAUAGCGAAAUAAUGAAAAGGGAGAACGGGCCGACCCUUGGAUCGCCAGAGCCGGACCGAAAGACGGCGAGCCCCACAGUCACUCCAGAGAUACGGGCCAAGCGACUCAGUAGACCCGGCGAUACC,0.0
36,CACUGUCUGAAAGUUGUAGCCGAUAGGCGGACAUCUCCACAACCUAGCUGGCUCUUGUCGGGGGCACCCAAGCGUGAUCAGACUCGAGAAGCGCGUAUACUGU,7.0
37,UUGCCUCAUGGCCUCCCGGGCCCUCCCGCGAUCGGGGCCCGGUUUUGGCAAGAUGUGCCUAUAUGGUUUCAACCCCCGGGACAAGCGCGGUCCCAAUCCCCAACGCGAUAGCGAAUAAGUUUUAGCUCCUAGGCCCGGCGCGAACGGGCCACACGCCCUACGGCUUUCACGGGCACGACGAGAUCCACACUCAAUGUUUGUACUAGCAACGGUGUCCUGUAUGACGCGAAUAUCCCCUUGAUAACUGUCCGACCUUCUUAUCUCCUGAACAACUCUCCUGAACACAAGGGUCAACGUUCCCCGACCCCCCAAUGGG,4.0
38,CCCCGACCGGCACGAGUCCACCCCGCCUCCCCGCCGCUGAAGGGUCCGGCUACGAUGCCGGAAUCGGUGCGACCCUCACGGGCGGCUGCCGCCCGGGGUCUCGGGGAUGGCCGCCGCCGGGGUCCGGCGGGCUCGGCCCGCGGGGAACCGGACUCUGCAUGCCGGGCUCCGGGG,0.0
39,ACAGCUAUGGUGGGUCCGUGGGCAAGACGCCCAGCUCU,0.0
40,GCAAAGGCAGCGACAGCAGGACAUCCAGGGACACC,0.0
41,UGACAGGCGUGGCCAGAGUUCCCUGGGGGAAGGCCUACGGAUUUAGUGUAGCACAGAACUAGUCGCUCCAAGCCCAGACAUCCAUCGGAAAACGCACCUGCGGUCCCCGCCCCCCC,6.0
42,UUAUUGCCCCUUGUCAGACAGGUAAGACAAUGUAGCUAAGUUCGAGUCCGCCAUCCGCUGGGGCUAAGACGUCACAACCCUCCGG,1.0
43,UCGAAGCCCUCCUCUCAUGAUGGACUGCGGGGAACCCAGAGGCCAAGCAAACACAAGGAUCUA,0.0
44,GCCAGGGCCUGAUGGCCCCAGUCACAGCUGGCCUUCUAGGGAAGGUGUGUAAGCAUACUGGUG,0.0
45,GAUUCGCCCUGGCGGGGAGGACCCCGGGCUUAUGCCCGCCAGUGAGCUGUUCUCAGCGGAUGCUAAUCCUCACGGGCAUUAGAUGCAAUCUUAACGU,0.0
46,GCGCAUACCGAUGGGAUCCCCGGCGAUAGCAUCAACAGAAUCAAUGGCGC,1.0
47,CGAAUGACGAGGACACUCCUACAGGGUCUGCGAGACAACCGACAGUCGGACUGGGACUCCCACCUGCGGCAGACUGCCCGUCUGGAUAUGAACACAAGGUGC,0.0
48,CACGCGCUUUCAUCCCUGUCCUGGUGAACAUCCCUAGACACGGCGCUACGACCGUUUGUCCGAGGCAUAAGGUAGAAAAGCUAGUUACAGUAUAUCCAGAC,5.0
49,GCAGUCGAUCGGAGCAUGUGCACUUUCCUUCCGCAGGGACAUUCGACACGGGCAAUAUAUUUUUAAUAGCUUACAGGCAGCACCCACUUUCCUACACUCAUUACU,11.0
50,GGGGCGCGUCUCCCCGCGGAGACAAGUACAAGCUCGCUCCAAAGCAAGCCGCACGCGCGGCUAAUCUGAUGAUAGGCUGUUCUUACGGCCCGCAACCAUGCACCGCCGCCGGGGCCCCCACCUGGGGGCACAGAAUGCUGAGGGCCUUUAAGGGCCCCGCGGACUCGCUGACACAGGUCUGUACCAUUAGUGGUAUGGGACUAUUCCAGGGGGCCUGAGCCCCCACCGAAAUCGGCUCACCUUUGAAUACCCCCUUGGGGGUAGCGAUCUCUCGAGCCCUCCUCUGAGGGUAUGCACGUGCACGCAUCCAUGCACCGCUAGGAUUAGCGGACGCCCU,0.0
51,AGUAAGAAUGCUGCGUUGCGAAAUCCUUUAUACUCUGACUUGAUCAAAUGGCCACUGCCGACUCUAGGACAUGACAUAAG,5.0
52,GUAAAUUGCCCACUUGGUCUUUACAAUAACUUAAAUCCCCGAUAUUAGCCGCCGCACACCGUAGAAAAAAAAGGACUCCUCACGCAUCCCUCAAGAAUCAUCAUAAUCUUAUCUUAUAGUACCCAACAGAAACCCAACAGGCCUAUCCAACCACCGCACUUGGCAUCUCAAUCGCCCAAACCUAGCACACUCCCGGACCGCAUACCCAAAACACACCUUUCCCCAACCGACAAUACUACCGAUCGCACAGGCAACUAUUUCCCAGAAUCCAUCGCAAACUAUCUAUAUUUAUUGACUCCACACUUUCCCAUUAUUUGAUCCAACCCUCCCACUUACGCUUGAAAAACAGGGGCUCACAAUCCGAAAUUACAGCAGACACCUAGACCUCUCCCGCCCGGUG,22.0
53,GGCCGGGUCUUGUGGCCUGGAAUACAGAUUUCGCGCAGGAGUGCGUGUUGUGGGAGCAGCGGGCCCAUUGGCCCUGGGCCCUCGCCCAGGCC,0.0
54,AUCCACCGCUCGGCCAAACGGCGUCAAGAGCAGAGUUACGGGGACACGGGCCAGGGUAGGCGAACCGCUGCGACCGAUGCGGGAUCCACAAACACACUAAAU,0.0
55,AGGCGCCUCGCUGCCCGCUGGGCCACCGGCCCGGACACCCUCAAGGGGCGAGCCCGGAGUGGCGGCGCCUGGCGUCCCAGGCGCCGCCACAGGCAGCAAUGCGGGCCCCCCCAUGCGGGGGGGCCAAUGGCCCUUUGGCCAGCCGGGCAGUCCCAAGGGUACCGGGCAACGCCCGCGGUUUCCCCGACGGGCUUGACCCCCCCAGGCGGGGGGCGCACCUUAGUGCGCCCCCCGCCGUGGGGGGGUCCCGCCCCGGCGCGAUGGGGGGCCCCGCCGAAUACGGCGGGGCCAAUGGGUGCGCGCCCCCGGCCCUUCGGGUCCGCCCAGUUCCUUCCAAGGGCUGGCGUGGGGUGCCGACUUUGGCGUCCCCCGCGAUGGCAGCCUUCU,0.0
56,GCGAUGCACUCCUGGAAUACUUGAUUAAACGUUAGC,7.0
57,GCCUCCUUCCCGCGAAUGUGAGUCCUACGACCCUCCGAAGAGAACAUUAUUGUCAGCAUCCGCUAGGUGAGCACCAGAAGAACGGGUUAACUCCCGUGCCAACGGGCGGGC,0.0
58,UGAACCGGGUGUGGGCCCUCUGAGGAGGGCCACCACCGGCCCCCCGUUUGGGGGGCCGGCCUGAACAA,1.0
59,AGAAUUUGGUCCCCGCAGCCAAACCGCAUGAUAUGACCCGGCACUAGCCCGCGCAUGCUAGCGGACUGUAGGCUCCCUUGUCCAAACCUGAACGAUCUAUCUCCA,4.0
60,CAAGCGCUCAGCAAAUUGUUUUAAGAAACUGGCAAGACCUUGCAUCAUCCUUCGGAAAGGCUAUCUC,10.0
61,GACCCUUACCCAGAUCUAGCGGCCAGGCAAGCGGAAUGAAGUCAAGAUAGGUG,3.0
62,CAAAUGCCGGAGCAAGCCCUCGAGGGUCACGCAACGAUGCGAAUCAUGCCCGUGAACGGCUAAACGGCCUGGCUCCGGCUUAAGGGCCCGGGACCGGCACGCGCCGUCAGGGUACUCCCUAACUCCUACAGGAGAACCUGUCGCCAGGCGCCCGGGCCGGCACAGCGGGGUCCGCAGGUGACUGCAAAGGCUGCCGCCUAACGCCUCCGGGCGGGUCAUAUAAAUGAAAGCCCCGCUACAAGGGGCCGGAGAUGCCUAAGGGCACGGGGUCUAUACCCAUGCGGAGGUCCGCCGGCACGUGCGUGCAAUCCGGCCCGAACUGGCGCCCGUAGGCUGAUCAGCCGACCACGAUGGUGGACGGGUUACUGCCCACCCCCGUCAGGGGCCCGGGCGCCUUCCA,0.0
63,GUUACGCCCAAGGUAUACGAUACACACCCGCCGACUAGCAUUUGCCCUCCGACUCACUACCGCCCCAUCCACCAUUCUUCGUUCACAGACCACUUCACGCGUCCGCAAAA,7.0
64,UAGGGUACAUCUUAAUAGUAACAGCUACUCCCUCCGCCGA,1.0
65,UGGGUCCCACGGAGCAUCGGUCCUGUCGACACGCCG,2.0
66,AUAGCAAGUCAGUCAAGGGUAAAAAGCCCAGUUAGUCAUUCCAAUAAGAGCUCGAUUCCCC,1.0
67,GAUCAAUAGCAUCCGGGGACCUCGCCCAGGCCGUCAGCGCCACGAAUUUUUAUCGCGGACAACCGAUCCGGUCCUACAGUGACACCGCCCGCGCCCCGGGCCUGGCGGUGCCACGGCUUGGAAGGUGAUCCGGCCUGCCAAGGGGGAGCACCUCCCCCCGGCAGGCCGGCUCCAUGCCGGAUACCGGCGGGAGUACCUCUGGGCGCGGGCGGAAGACGAAAGAUCUAGUCCGAAAGAGACAUCGCUAAUGACGAAUCCCGAAAGUGGAAGUAGGAAGCGUAC,16.0
68,UGUCAGCACACGCCCCAACAUUUUAAAACCGAAAAUAGAGCGAAUCAUAAUGAAAUCUAGGGAGCUCAUUGACUUGACCGGCAAGCCCAUAUUCUCUAAAGAUCCACCGCGCCCAAUUGUCAUGGCACUUCGUUUUGCAAGUCAGGACUUCGGGGAAAGACUAGAUUAAGCCCAAGACAUCCAAACCGCAUAGUCGGCCU,8.0
69,ACUCCCCGGGGAUGAUCAGUGAGGCGAGGCUUGGAGAGCGGUUUAUCGUGGAACGUAUUCUGUCGCAUACCGGCCGACGAUCCCGGGGUAAAACCUGGGGCGCGUAUCGCCACCGAGAUUUGUUUGUGUAUUCACCAGUAGGGAUCCGCUCAUGUUACCAUCCAUUCUAGUUCGGCGCCCCUAA,5.0
70,ACUGUCGCCUGCCUGACCUAUGAACUUGACUCUUUGAAACAUACCUUCUGUAAGGAAAUUGCGCUCUUCGACUGAAUUACCCACUUGC,9.0
71,AUGGGGGGCCGUCUUAACAGGCGGGAGUACCCGCCGGGGUCCUUCGUGGGACCUAGGUAUCGGGGCCCCCCCU,1.0
72,GUGGUUGCCAUGCCAAAUGAGGAUGAUCUAAGGCUCUCGCAGGAGCAGCGUACAAUGUACAUGAGAGAAUCUCGCUGCAGGAUACUGAGCCAAUCUAUGGAAAUCCGGGCCUAUGUGGCAUAGUGAACUUAGUUCGGCCCCCUUGUGGAUAGAAUCGGCCAUUCAUAUUGCGCUGCCCAAGGCAAGCCUGUAUCAGGGCGCAGGGAAACCGGCUGUAGGUGCUAAUUUUACGAGCGUCAUUGUGACUUGCCUCUCAGGUGCUCGGAGCGAUCGCACUAAAGCACACAGUAGUGCCGUGGGGGAUCCCCUUGAGUGCAACUCGCGGCUGGAAACGGUGCUGAAGAUCAGGAGACUUUGGUGUCCCCAGGAC,23.0
73,AUGGCCCCGUAGAGACAUUGACGUGAACUGCUGAUUUCCAAUUGGCCAUAGAAAAAUAGAAUAACUUGAUAUACUCGGUUAGCUUGAUAUUGCUUGUAUACAUUGGGGUUUGAGCUCGAUACCAUAGCCUGUUCCGUUGCGCCGAUUCGUAUUUUAGUCUUGAUUGCUUAGUUCCUUCUUUAGAAAUGUUUCCCCUCUAGCCAGCUUUAGUGGUAUAUUGCAUGCGUGACCGGUUACCUUCGGUUGGCUCUCUGUUUUCCUUUGAUACGUUUUACCGAUACCAUCCUUAGGGUUUGUGCAUCCCAUCGUCCGCUUGCUCUUGCAUGCCAAGUCUUGUUAUUAGAUCCUUGCCCAGAAUUCUACUACGUCUCACUAGCAUU,14.0
74,UUACAACUCUUUCCGUGGAUACCCCAGGCCCUACACUGCCAUCAGCAAGUUCCAGUUUAUCGAGGCUACCGACGA,1.0
75,GCUGUGUAAACACUCCGUGAAAAUGACUGGUGAUCCACUCGAAACCGACUAAAGAUAUCUGCUUUCAGCGCUAAUGCUUAGGCCAUGAGGCUAGGAUGUGGGACUUGCUAACAGGGGACCAGAAGGGCAUGAUGCGGGAGACCACCCGUCUGACGACGACCCACAGGCAACUCUACAGAGGCCGUCCAAAGAGAUCGAAUUUAAAUAUAUGGCGCCAACUGGCGAGCCUAGGGCAAUGGUAGACCAAGAAGAACCCUCGAACGAUUCGUACAAACAUCUGGCGAAAGCCCCGCCCAUCGCAUGCGGUAUCGCAUUCGGAUGUCCGGCCCCGCCCCAAAAGGAAAUUGCUGCGGCAACGUGAAACCAAUGAGACACCUCGAGAUCGAUAGAAGC,55.0
76,CGAUGGAGGCCGUGUCCCAUAUGGGAGCCGCCGGGGUCGUGUCUAUUAAGGCGUAGCCCACGUUAGGGCUUGGAACCCGGGCCUCGUUAGAUUCGGGGAAAAGUG,1.0
77,GAAUUAGGCCGUGAUCUCAAAUGACGUGGCGACAAUAGCGGAAUGAUGGCGGAUGGAAUAGUAGGUCCCUUUAGGAGGAAAACAUCAAUACUAGGAAAUAGCUAAAGCUCAGAGACAAUAGAGAUUCUUCAUUGUGGAAAGGAAUUUAUUUAUCAAUAAUAUUAGAGCGGGGUACCAAAGGCAGUAUAGGGAACAUUAAAUACACAAUAACUUUAGGUGAUCAAAGGCAAGAGGCGAGGAGACGGAUACGCUGGCUGAAAUCUGGCGACGACACAGACAGAACC,43.0
78,CGCAAAAUGGUCCCAUGUCCUAGCGUCCCGCGUUCGGGGGAAAAUCAUGAUCGUACAAUCCGGCUAUCCGGCGAGGCCUUGAAACAAACGUAACCUUCACA,3.0
79,GGAGCAGCCCAAGGGCGCCCUGAGCGGCUCGCCACAGGGGCGCAUACCUUCUCGCCCUCAAACGCGGGGAUGGGCGAACCGGUAAGGGCCAUGUGGGAAAUGGGGACCGGCUCAGCGGCCGCCGGGCCGAGCCCCAAGGGUCAACUGCCCACGCCUCCUGGUGGCCUGGACGGCCGCACUUCCAGGCAAGUGGCGUUUUAAGGCAGGUACGGACCCGAAGCGGGGCGAAGAGGCCCUCAUUCGGCCAGAACGAGCUACGUAUCCCCCUGACUCCCAACUAGGGCCCGUCAAACCGGCCACGGCCCACGGAGUCGCGGCGCAAGGGCCAACCGAAGGAGAGGGCGCCGAACGGUGGCAUUCGCGCUUUCACUGCGCCGGCGCGGGCUUAUUGUAAACC,1.0
80,UGCCCCCCAGCUGUCAGCCCGUGGGGGAGAGACCCUCUUGAAUAAUUCGAAGCGGGGAUACCAAUACGCAGUGCUCCGGCUACUCGAUGUCGAAGGUGGGCUUCGAAGCCCUUGCGAAGCUUAUGCAUCAGCACUUCUGACGGUAAUCGACAGACAAACUAGGCGAGUAUAGCUACUGCCAGUGAUGCCGAAUGUCGUGCGGUCUUGUGGGG,24.0
81,AAAGCGACUCAGAGGUCGCCUCCACCGGUGGAGGUUCGGAAGUCCGAGCUCGCCUAAUGGCGAGGGCCAUUCAUGGCCCCCUGGACUCCCAGGCCGUCGCGGGACGGUCCCCCUACAGGGGGAAGCCCCCACGGGGGCGGCGGCUGUGGCCGCCGGGGUAAACACCUCGCGGGCCCCGGCCCGCGGCCCGGAAGGGCCGGUGCCACAAGGCACC,0.0
82,UGGAGUCCCGGGAACGAACUCGGCUACGGCAUCCCGCUACUUCCUAGGAACGAUCAAGCAGUGAAGAAAUCUGGGUUACCACACAGGCAACAAAAGUGAUAUUUCAGCCGGGGACAUGG,14.0
83,GAAACGGCUUCGACGUAAACGUGACUAAGUCCCGCGGAACCUGCCCAUCAGCCGCCUGCACCCACAGAGGGAGUCCGAAGAGCCUAUACCGACCAAGCCCUCUU,0.0
84,CCCGCGCCGGCCCGGCGUAAGAGGAAGAACCAGGAAAGACCAGCUAAACGCACCAGAAAGGACGAAACUCGACUUACACGGAUAGACCGCAGAGGAACGUACAGUAGGGACUACCACCAAAAAGGGAGAAAUACUCGCAAAAAGCACCUCUAGCUAUGAAGGCAGGCGGAUCGAAUUGAUAAUCUUUUUAUAAUCUUUAAGUGAAUAACGUAACCCCUACCCGCCACAGACUACCUGGGGGAGAGGAUCACCCAGCAACACGCAGCAAGAAGCAGGAAUAACCACCGCAAAGGACUCCCACGGAACCACCGCAGCCCCCCGUCAGGGACCAUCGAGGAACGACUAGUAGCACGUAGCGCCGGUUUGGCGGGCUUCCGGGCCGGCGCGGG,14.0
85,UCUGCACCGCCAGGCCAGGUACGCUAUAGCGAGAAAACUGAGGAGUUUGAAGCGAGGCCGCAGUAGAGCAAACGCUGGACGUAGAUAGUCAUACAUCAUUUCAACCUUAAAGAGGCCAUGGGAAGGGAAUCAUUAUACAGUACAAUACGGAUCGGCUACCGCGAGGUGACUAUUGUCGGAACAUUCCGCCACCCCCGUCCGGAAACAUCAGUUCAAGCGAUAAUUCUUAAGUGUUGACACAGAACGUACCACUACAUAUACCCAAACGGGCGCUAGGUAAUCACCAGAACGGCAUAGGAAUAUUGGGCACCCACGACGAGAGUUGCCAUGAAGGACGGACCCACGGCGAAUAGUG,38.0
86,UAGAGGGGGGGUUCGAGGAAUUUUACAAUCAGCAAUUAGUACAGGACAGGGCAACCGGAGGAGAACCAGAACAAGCUAUAACACCGCCCCCCCGGCA,3.0
87,AGAGGCUCUACGUCUCCGGUAGUUCAGGGCAGUG,3.0
88,AAAUAGACAUCAAGGAACACAGGGCAGAAGAAUCGCAGCACACACUAAUCAUAUGAUCAGACGCAAGACCAGGAGUAAACAAAGCAUUAUUGAAUCC,4.0
89,GGCCACGAUGUAAAUUUUUUCUGAACCAGUCACCGGUGUUGGUAGCCGCCAGUCGAAAACCCGUUUGUUGCUAACUGGACAGGGCGGCCCCCAUGCGUCAACCCCAUGCUACGGCUUCCACAGAGUGGCGCCUGGGCGGUGGGUGCACGCGGCGGGGCCGGGCAGUCCCUGGAGCAUACUAUGAAGAUUCGAACCGAUAGGGGCUCGGUGGAGGCUUGCUCGUUGAACGCCAGUCGGGCGGGUCCGGGGAUGGCUACCGGGGCGGGCGGCUCUCCCAAGGGCCUACCCCACCCGUGGGCCCACCCCGAGUCCGCCCUCAGGGCGGCUUGCGAAAUCGCCACGUCCGAGCGGACAAGCGUCCGUCCCCAUGAAAUGCGCAGAAACUUUGACGAGACACAUG,23.0
90,GCCACCCCGAGAAAAGGCCGAAAUCUGAACCACGAUAGCUGGGCGACAUCCGAAUGGUUGCUAAGGUUAGGUAAGCCCCAUCAACAAAGCGAAGAAAACACGUUCAACCGAGUACGAACUACCAAUAUUGGAGAAGGGGUCAACGGGAUAAAGCUUUCCGCCGUGAAGCAGAGACCCAGUCGUCGAACAUCCUUUGAGGCCUCGCGUGUAUAAUUAGUUGUCGACAAAUCAAUCCCCGUAACCCGGCCGAUGGCCGGAGGUGGUAAAAGAAAGAGCUUCGCAGACAAAGAGAUUAUAAUUGGCGGUCCAUAGCCUCACCACACGUCGCCGCCCUAUGCAAGGUCGCCCAUGACAUACUAGAGGUCAGCCCUACACAUCACGACGGGGAAGUA,24.0
91,GAUAGAGGAACAUCAUGUUGAAGAUACUAUAUGUCCGAUGCAGUUAUACAGCUAAGCUCUGCUCAGCCCGUCCCCUGGAGAUUUUCACCCGGCACUCAUG,19.0
92,CGCGUUGAUGGCCCCGAGUAAGCGCUCAGUGGGCGUCCCCAGCCGGCACACGCCGGGGGCCAAGCCUGUGAUGAUCACGCCCCUAUUAGGGAGACAUAAUAUGUAGGAACAGAAAC,0.0
93,CGGGAGGUUCUAGCCCAACGCGAUCCUCGCGUAUAGGUGACGGUCCAUCGAAACGAGACAGGGGAGACGGGGGCAUCCCCAAAAUCCCUAACGUGAGCCAAAGACGGAACGAGUGGCCAUAUGGCCAAGGCAAUCCCACGGACGCAGUCUGCGUGAGGGCACCCCUCGGCGCCGCACUAGUAUUUUCAGGAGGACCGACCGGUCAGCAGAUAACGACGCCCUACGGAGGAAGGCGCCAUGCCGUGGUCUAGGGCGAUGUAGAUAAUGAUACUGAGCGUUUAGGAUGCGUAAUCCCAGUUAAGUUCUGCAAGAAACACAUAUGUCCCAUCAAUGGGGCCAACCGCAAAGCACGGCUUCAGGUCGGUGGUAUUAAGUUCUCGCCCAAGCCG,32.0
94,CGCCGGCGGCCGGGCCGGAGCCCGGACUUUAUGGAGUCGCCCCCGUCCCUAUAGGGAUAGCCAUCCGUGGUUGGGGCCGGAA,0.0
95,GUGCAGAUAUUUAUACAGCAACUCCGAAACGGUAGAUUAAUGUUCUCUUUUUUAAGAAAUUGUUCCCUUUACACCUGCAAAAUGAUCAGCGAGUAGGAAACAAUCAUACCCCGGAGGUUCUGAGGCGGUUGAUAUAGAGAAAUAGACGGAUGAUGAGACGAAAACGAAGGGGUUGGACGUGAUAGAUUUUUAAGGCGACUACGUAAGAUACAGUUCGAAGCCAUCGACGACAGCAGAUAACGACAGAGACCAUAGUACGCGAACAGCAACAUGAAGCAACUGACGGGAAUAGGACCUAUGGUACCGAACGCCCACCUUGACAACUUGACACCUAAUGCAGAAAGCCACCAGAUUAUUG,64.0
96,ACCAGCAGGGGCUGCACCACGGGCAAUGCCGUGAGCCCCCGGAACUAGGUACAUCCUACCGGACUCAGCUGACAAGCAGUAGACGAAGUAUCUCGGGGUGUCGUCCCCAUACGGGAAUGGAGCAACCACCCGCAUGAACUCAGCAUUGCACCGAAAAAAGGACGUAGCCUUUUGUAGAGUAGAUCACGUGUGAACACCGAGGGAAGAUCAUGUGUUAAAACUGGCCGGGAGGGCGGAGAUCCUACGGUGACCAAACUCGAAGCAGAGGAUUUUUUCAGACCCCCUAAGAUAGGGGGAAUCCAGCACCGUUACAAACCCUCAUAGUGCAAACAAGUCAUAGUGCGACCAAGGAUGGCCCAAGCGUGUGCGAAAUUUUGGGCCCUAAGGGCCUGGCUACCAU,30.0
97,UGCGUGUUCUCCAAGAAAGUAGGAUCCCUGAAUCGAGCAUCGACACUUUAAAUACUAGCGUUUCGCGCACGUUGAAUCAGCACGACACAUUGUCUAGACCAUGAACCUUCGCCUAGCGAUACCGCAAUGCGGCACCCCGGAGGGGAGGAAUAAGCCGGCGCCUCAGAGGCAAAGCAUGUUGCUACCCGUUAGACGGGCCAGA,21.0
98,AGGGUUAGCGGGGGUCUCUCAACAGGGCUCGUGGAAUCAUAAGCAUCACCGAUCUCAAGUAUGGACCCUAGACAGGACAGGAUCCCACCACGCCACAGACAUGCGGAUCACACCAUUGCUGGCGCGAUGUGGGUAGACGAAUAGUAAUGAUGUCGGCCGGCCCCGAGGGCCAGCUGCUAGGCAGCGUUUUUUAACUGGCCACGCUUCCGCCCGCCUGGGGGGCCGUCUCGGCCCUAGCGCACAAUGCGCGGCGCCGGCCGCUACGGCCGGAUCGGACGCUCCGAGCGGUGUCACUAUUAAGUUCAUGGAUAAGUGGUACCUCGCAUUUGACAGGUUCCGGUAGAUACAGGACGACAGAACCCUG,23.0
99,CCCAUGUAAUGUUAGUCAUAGCCCUCCUAAUGCACCCACCCACCAAACAAUUCCGACAAGAUAACUGCCCCCCACCUAUAUUAUUGAUAAAUGCCCCCCGAUCAUCUUAGCUCACUUCUAAUUCAAUAGCGUAUCCCGAACUCCAAAGUACACAUAGAGCCAAAACUGUCAAUUAAAUGAAUUACGACUCCUGAACCGCGCAUCCUAAUGAACCACAAUCUCGACAUCACCCUCUUGCCAGAAAACUUCUUCGCCAAUGACAUAAUAGAAUCCGAAACUCACCAGCUCCAACCCAGAAGAUCCCGAAUGAAUGUAACCCGCCGAACACCAAAACCGAAGACCCAACUAUAGGGGCCAAACCAAUUGAGAAACCGUACCAGCC,50.0
