,Name,target,success rate
0,Simple Hairpin,(((((......))))),1.0
1,Arabidopsis Thaliana 6 RNA - Difficulty Level 0,(((((((....(((...........)))((((((((..(((((((((((((((((((...(((((......))))).)))))).)))))))))))))..))))))))..))))))),1.0
2,Prion Pseudoknot - Difficulty Level 0,((((((.((((....))))))).)))..........,1.0
3,Human Integrated Adenovirus - Difficulty Level 0,((((((((((((((.((((((...........((((((((((((.....((((((((....(((((((((((((........))))))))))....))))))))....))))))....)))))...((((((.......))))))))))............)))))).))))....))))))...))))...,1.0
4,The Gammaretrovirus Signal - Difficulty Level 0,..(.(..((((((....))))))..).)......((((..(((.(((((((((....)))))....)))))))))))..((((((((....))))))))..,1.0
5,Saccharomyces Cerevisiae - Difficulty Level 0,(((((((((((........)))).((...............))....(((((.......))))))))))))....(((((((..((((........))))(((.............)))....(((((.......))))))))))))....(((((((..((((........))))((((((.......))))))....(((((.......))))))))))))....(((((((..((((........))))((((((.......))))))....(((((.......))))))))))))....(((((((..((((........))))((((((.......))))))....(((((.......))))))))))))....,1.0
6,Fractal 2,.....((((((((...((((((((((..((((..........))))..((((..........))))..((((..........))))..))))))))))...((((((((((..((((..........))))..((((..........))))..((((..........))))..))))))))))...((((((((((..((((..........))))..((((..........))))..((((..........))))..))))))))))...)))))))).....,1.0
7,G-C Placement,((((...)))).,1.0
8,The Sun,(((.(((((((...))))..))))))...(((.(((((((...))))..))))))...(((.(((((((...))))..))))))...(((.(((((((...))))..))))))...(((.(((((((...))))..))))))...(((.(((((((...))))..))))))...(((.(((((((...))))..))))))...(((.(((((((...))))..))))))...(((.(((((((...))))..)))))),1.0
9,Frog Foot,..........((((....))))((((....))))((((...)))),1.0
10,InfoRNA test 16,((((((.((((((((....))))).)).).)))))),1.0
11,Mat - Martian 2,((((....))))...(((((((..(((((((.......))))))))))))))...((((((((......(((((((.(((((((.......))))))))))))))...((((((((((((((.......))))))).)))))))......))))))))...((((((((((((((.......)))))))..)))))))...((((....)))),1.0
12,square,((((((((((((((((((((((((((...))))))....)))))))....))))))....))))))),1.0
13,Six legd turtle 2,.....((...((....))...((....))...((....))...((....))...((....))...((....))...))....................,1.0
14,Small and Easy 6,(((((.....))..((.........))))),1.0
15,Fractile,............((....))...((...((....))..((...((....))...))..((....))...))..((....))........................,0.9
16,Six legd Turtle,.....((....((....))....((....))....((....))....((....))....((....))....((....))....))....................,1.0
17,snoRNA SNORD64,((((((.....(((....(((...(((((.............)))))....)))..)))..)))))),1.0
18,Chalk Outline,.....((((.(((((....)).))).(((.(((....)))))).((((((....)).)))).(((((....))).)))))).......................,1.0
19,InfoRNA bulge test 9,(((((((.(.(.(.(((((((....))))))))))))))))),1.0
20,Tilted Russian Cross,.....((((((((....))))((((.((((....))))(((((....))))).((((....))))))))((((....))))))))....................,1.0
21,This is ACTUALLY Small And Easy 6,................................................................................................................................................................................................................................................................................................................................................................................................................,1.0
22,Shortie 4,((....)).((....)),1.0
23,Shape Test,.....(.((((..(((((........)))))..(((.(((.(((((.....))))).((((....)))).))))))..)))).)....................,1.0
24,The Minitsry,(((.....(((.....(((.....(((.....(((........))).))).))).))).))),1.0
25,stickshift,..((((((((.....)).))))))..,1.0
26,U,.....(((((.(.(.((.(.(((((((((....))))))))))))))))))).....,1.0
27,Still Life (Sunflower In A Vase),...((((..(((((.....)))))..(((((...)))))..(((((.....)))))..(((((...)))))..(((((.....)))))..(((((.....))))).((((((((((((((((((((((((((((......))))).(((((.............((((.........................................)))).............)))))(((((....))))).)))))))))))))))))))))))..(((((.....)))))..(((((.....)))))..(((((.....)))))..(((((.....)))))..(((((....)))))..(((((.....))))).))))...,1.0
28,Quasispecies 2-2 Loop Challenge,.....((((((((..((((....))))..)))).((((..(...)..)))).((((..(..(((.....)))..)..))))))))....................,1.0
29,Corner bulge training,.(((((((((((...)))))....)))))).,1.0
30,Spiral,.....((((.((((((.(((.(((((.((((.((((.((.((.((.((.((.((.....)))))))))))))))))))))))))))))))))))))).....,1.0
31,InfoRNA bulge test,.............................((((......((((....((((...((((..((((.((((.....)).)).)).))..)).))...)).)).....)).))......)).)).,1.0
32,Worm 1,.......(.(.(.(.(.((.((.(....).)).)).).).).).),0.8
33,just down to 1 bulge,.....((((.(((((....))))).(((....))).)).))....((((.(((....))).(((....))).))))....................,1.0
34,Iron Cross,.(((.(((...(((.(((...))).(((....))).)))...(((.(((....))).(((...))).)))...(((.(((....))).(((...))).)))...))).(((...))).)))..,0.95
35,loops and stems,.....(((((((...((((...((((...((((.........(((((............)))))...))))....((((..........))))...))))...(((........)))...))))..((......))...))))))).....,1.0
36,Water Strider,.....((.((..(((((.(((....)))(((....)))))).....((((((....)))(((....))).)))))..)).)).....................,1.0
37,The Turtle(s) Move(s),...((....))....(((((((((.........)))))))))....((((.....)))).....(((....)))...(((((.......)))))....(((...((....)).....(((....)))....((((((.......))))))....(((....))).....((((((....(((.......)))..(((........)))...(((((......)))))...((((.....))))..)))))).........((....)).....((....))......(((((..........)))))......))),0.9
38,Adenine,(((((.((((((.((((((.((((((.((((((.((((((....((((((......)))))).)))))).(((((...(((((((...)))))))))))).)))))).((((((((((((...)))))))...))))).))))))....))))))....))))))....))))),1.0
39,Tripod5,..((((((((.....))))((((.....))))))))..,1.0
40,Shortie 6,((....)).((....)).((....)).((....)),1.0
41,Runner,.....((((.((((.....((((...)))).))))...(((..((((((...)))...)))((((((...)))...))).)))...(((...(((....))).))).)))).....,1.0
42,Recoil,.....(((((..((..((..(((..(((..((..((...)).)).))).))).)).)).))))).....................,1.0
43,[CloudBeta] An Arm and a Leg 1.0,.....(((.(((((....)).)))(((.((....))))).)))....................,1.0
44,[CloudBeta] 5 Adjacent Stack Multi-Branch Loop,(((((((((....))))(((((....)))))(((((....)))))((((....))))))))).,1.0
45,Triple Y,.....((((((((((((....))))((((....))))))))((((((((....))))((((....))))))))))))....................,1.0
46,Misfolded Aptamer,((((......(((((...))).((....)).........)).....)))),1.0
47,Flower power,.....((((((((...)))).((((((((...))))..((((...))))..((((...)))))))).((((...))))))))....................,1.0
48,Kudzu,.....(((.(..(.(((((.((((.((...)))).))))((((((...)).))))..(((...)))...))).)..).)))....................,1.0
49,"""1,2,3and4bulges""",.....((((.(((((....))....))).(((....))).)).)).....((((.((((....))...)).(((....))).))..))....................,0.65
50,medallion,((((((.((((((....)))))).(((....))).(((....))).((((((....)))))).(((....))).((((((....)))))).(((....))).(((....))).((((((....)))))).(((....))).((((((....)))))).(((....))).(((....))).((((((....)))))).(((....))).((((((....)))))).(((....))).(((....))).((((((....)))))).(((....))).((((((....)))))).(((....))).(((....))).((((((....)))))).)))))),1.0
51,[RNA] Repetitious Sequences 8/10,((......((......))......(((......((......))......((......))......)))......)).....,0.3
52,Documenting repetitious behavior,.......((.........((.........((.........((.........((.........((.........((.........((.........((.........((.........((.........((.........((.........((.........((.........((.........((.........((.........)).........)).........)).........)).........)).........)).........)).........)).........)).........)).........)).........)).........)).........)).........)).........)).........)).........))......,1.0
53,7 multiloop,(((((((((....)))))(((((....)))))(((((....)))))(((((....)))))(((((....)))))(((((....))))))))),1.0
54,Kyurem 7,.....((((((((((....)))(((....((((.(((.....))).((((((......)))...))))))))))))).))))....................,1.0
55,JF1,(((((((((((.(((((..(((((....((((((..(((((...(((((..((((((.((((((((((((((....))))))))))))))..(((....))).(((((((((....)))))))))..(((((....))))).)))))).))))).))))).))))))...((((((((.....))).)))))..((((((((((((((((((((((((....)))))))))))))).))))))))))...(((((......)))))((((((((((....))))))))))...((((....))))..)))))..))))).((((.(((.(((....)))))))))).(((((((((....))))).)))).)))).))).))))...,1.0
56,multilooping fun,(((.(..((.((....)).((....)).))..).(....).))),0.0
57,Multiloop...,((((.((((.(((....))).(((....))).(((....))).(((....))).(((....))).(((....))).)))).(((((......)))))(((....))))))),1.0
58,hard Y,.....((((((.((((((((....))))))).)))((((((((((....)))))))))))))).....,0.1
59,Mat - Elements & Sections,.....((((.(...(.((((.(.((((.((.((((.((.(((....))).).)))))).).))))....).)))).)...).))))....................,0.6
60,Chicken feet,.....((.((.((...)).((....))...)))).((.((.((...)).((....))...)))).....,0.9
61,Bug 18,.((.((.((.((..((..((.((...))..)).)).))..))..))....)).,0.3
62,Fractal star x5,.....((((((((..((((....))))..((((....))))..((((....))))..((((....))))..)))))))).....((((((((..((((....))))..((((....))))..((((....))))..((((....))))..)))))))).....((((((((..((((....))))..((((....))))..((((....))))..((((....))))..)))))))).....((((((((..((((....))))..((((....))))..((((....))))..((((....))))..)))))))).....((((((((..((((....))))..((((....))))..((((....))))..((((....))))..)))))))).....,1.0
63,Crop circle 2,((...((....((.....((.........((..............................))...............)).........)).......))....))....,0.0
64,Branching Loop,.(((((........)((((....))))..)))).......,1.0
65,Bug 38,.((.((.((..((.(...).)).))..))....)).,0.05
66,Simple Single Bond,......(......((((.....))))......)......................,0.05
67,Taraxacum officinale,((((....).))).((((....).))).((((....).))).((((....).))).((((....).))).((((....).))).((((((((((((((((((((((...)))).))))))).(((((..((((((((((..(((((((...))))))).))))))))))((((.((((((...)))))))))))))))...))))))))))).((((....).))).((((....).))).((((....).))).((((....).))).((((....).))),0.0
68,Headless Bug on Windshield,.((.((.....(((((...((.(((.........................))).))...))).))...)).)).(((..(((..((.......((....)).......)))))......))).(((((.......(((..((..(((..((.(((...............)))..))..)))..)).)))..))..))).,0.85
69,Pokeball,...(((((((....((..((..(((..((..((..((..((..((..((...)).))..)).)).))..)).))).)).)))))))))........(((((((....((..((..(((..((..((..((..((..((..((...)).))..)).)).))..)).))).)).)))))))))...,1.0
70,Variation of a crop circle,....((....((....((....((..((..((...))..))....))......)).......)).........)).............,0.0
71,Loop next to a Multiloop,..((((((((.......(.((((((....)))))).(((((((....))))))).).......))))))))..,1.0
72,Snowflake 4,((((...))))(((((((....))(((((..(((((((....))(((((((((...))))..((((...)))))))))((....)))))))..(((((((....))(((((((((...))))..((((...)))))))))((....)))))))..(((((((....))(((((((((...))))..((((...)))))))))((....)))))))..(((((((....))(((((((((...))))..((((...)))))))))((....)))))))..(((((((....))(((((((((...))))..((((...)))))))))((....)))))))..)))))((....)))))))((((...)))),0.0
73,Mat - Cuboid,(..((....((..((....((..((....(..((..((....((..((..((....(..((..((..((....((..((..((..((....((..((..((..((..((....((..((..((..((..((....((..((..((..((..((..((....((..((..((..((..((..((....((..((..((..((..((..((......))..))..))..))..))..))))..))..))..))..))..))))..))..))..))..))..))))..))..))..))..))))..))..))..))..))))..))..))..))))..))..))..)))..))..))))..))..)))..))))..))))..),0.05
74,Misfolded Aptamer 6,......(((......((((..(....(((........)))....).....)))).......)))...........,1.0
75,Snowflake 3,(((((....)).((((((....)))..((((.((((..(((....)))(((.((....))(((...)))((....)).)))(((....)))..)))).((((..(((....)))(((.((....))(((...)))((....)).)))(((....)))..)))).((((..(((....)))(((.((....))(((...)))((....)).)))(((....)))..)))).((((..(((....)))(((.((....))(((...)))((....)).)))(((....)))..)))).((((..(((....)))(((.((....))(((...)))((....)).)))(((....)))..)))).))))..(((....)))))).((....))))),0.0
76,Hard Y and a bit more,.....(((((((.(((((....)))).)))(((((.((..((((....))))..(((((......)))))..)).))))))))))....................,1.0
77,Mat - Lot 2-2 B,((..(((..((((..((....((..((((....))....))..))))..))....))..))((..((..((..((((..((....((..((((..((....((....))))..))....))..))))..))((..((..((....))((..((((..((....((..((((....))....))..))))..))....))..))))..))..))..))((..((....((..((((..((....((....))))..))....))..))))..))))..))..)..)),0.0
78,Shapes and Energy,......(.((((.((((....(...((((.(....).))))...)))))..((......((((....)))))).)))).).....................,0.1
79,Spiral of 5's,(....(((((...(((((...(((((....(((((...(((((...(((((..(((((....(((((...(((((...(((((..(((((...(((((...(((((..(((((...(((((..(((((..(((((..(((((..(((((.(((((.((((((((((.....))))).....))))).....))))).....))))).....))))).....))))).....))))).....))))).....))))).....))))).....))))).....))))).....))))).....))))).....))))).....))))).....))))).....))))).....))))).....))))).....))))).....)))))....).....,0.25
80,Campfire,....((((..(((((..((((..((((.....))))((((((...))).)))))))((((((.((.((.(((((....)).)))))))(((((.((.((.((....))))))(((((.(((....)).))).)))..)).)))))).))))))))(((.(((.(((.((((....))))))))))((((((((...))).)).))).))))))),0.3
81,Anemone,...((((((....))))))(((((....)))))((((((....))))))(((((....)))))((((((....))))))(((((....)))))(((((....)))))((((((....)))))).(((((....)))))((((((....))))))(((((....)))))((((((....))))))(((((....)))))((((((....)))))),1.0
82,Fractal 3,.....((((.(((.((....))((....)).))).(((.((....))((....)).))).(((.((....))((....)).))).(((.((....))((....)).))).)))).....,0.5
83,Kyurem 5,.....((((((((((....)))(((....((((((((...(((.....)))))))(((......))).))))))))))..))))....................,1.0
84,Snowflake Necklace ( or v2.0 ),(((((((((((((((.(((((.((.....)).((.....)).((.....)).((.....)).((.....)).))))).(((.....))).(((((.((.....)).((.....)).((.....)).((.....)).((.....)).))))).(((.....))).(((((.((.....)).((.....)).((.....)).((.....)).((.....)).))))).(((.....))).(((((.((.....)).((.....)).((.....)).((.....)).((.....)).))))).(((.....))).(((((.((.....)).((.....)).((.....)).((.....)).((.....)).))))).))))))))))))))),0.7
85,Methaqualone C16H14N2O Structural Representation,.......((((.((((.(((.(((....))).(((.(((....))).(((.(((....))).(((.(((....))).(((......))).))).))).))).))).(....).)))).((((...(((.(((...((....))........))).(((.(((....)))(((....)))(((....)))))).)))...((((.(....).(((.(((.(((.(((.(((...(((....))).))).(((....))).))).(((....))).))).(((....))).))).((((((....)))(((....))).(((....)))))).))).))))...)))).)))).......,0.0
86,Cat's Toy 2,....((((((((....((..(...................)..(((...((....))...((....))........))).......))))))))))....,0.0
87,Zigzag Semicircle,....(((((((((.((....))).)).).)))))....,1.0
88,Short String 4,......((.((..((..(...(.((.((....))))..)...(.((..((....))..))..)...).))..)))).....................,0.55
89,Gladius,((....))..(...(...(..(.(..(...(((.(((...((((....)))).((((((.((((((.((((((.((((((.((((((((((.((((((.(((((.((((.((((..((((...)))).))).)))))).))))).)))))).)))))))).)))))).)))))).)))))).))))))).)))...(((.(((((.(..((((.(..((((.(..((((.(..(((((((.((((((.(((((.((((((.(((.((((((....))))))..)))).)))).))))).)))))).)))))))).)..)))).)..)))).)..)))).)..))))).((((....))))...))).)))...)..).)..)...)...)..((....)),0.0
90,Thunderbolt,((..(((((........(.((..((.(.....(....).((((((((.........((......((((.....))))......))...((..((.......(..(......)..)..((..((.....((....)).((((.....(((.....(..((.(...).))..).....))).((((...(.......(..(.((...)).)..).......)...))))........)))).....((((((...)))))).))..))...........))..)).........(..((((....))((((((.....(........).....))))))..))..)...))))))))........).))..)).).....(.......).)))))..)).,0.05
91,Mutated chicken feet,.......((.((.((....)).((...))...)))).((.((.((....)).((...))...)))).((.((.((....)).((...))...)))).......,0.45
92,Chicken Tracks,........(((((((((((....))))..((((....))))..((((....)))))))))))..(((((((...))))..((((...))))..((((...))))))).........,1.0
93,Looking Back Again,(((..(((((((.....((((((...)))))).))))..((((((..(((...)))))).(((((...((((....))))....)))))..)))..)))..(((((((.....(((((....)))))......)))((((((((((...)))))(((((...)))))((((((((..(..(..(..(..(..((((....))))..).)..))..).))(((....)))..))))))...))))))))).(((((.((((......(((((((........((((.....))))))))...))).))))((((......((((((((....))))))..(((((...)).(((((...)))))..)))))....)))))))))...))),0.2
94,Multilooping 6,..(((((((((((((....)))))(((((....))))))))((((((((....)))))(((((....)))))))))))))..,1.0
95,Cesspool,((..(..((....))..(((.(..(.(((...)))..)..)..)))..(..(....)..).(..(....)..).....((....))..)..))..((..(..((....))..(((.(..(.(((...)))..)..)..)))..(..(....)..).(..(....)..).....((....))..)..))..((..(..((....))..(((.(..(.(((...)))..)..)..)))..(..(....)..).(..(....)..).....((....))..)..))..((..(..((....))..(((.(..(.(((...)))..)..)..)))..(..(....)..).(..(....)..).....((....))..)..)),0.0
96,Hoglafractal,(.(((..(((((....(((((......))))))))))((((...((((.....))))))))(((..(((....)))))).(((...((((...((((......))))))))(((..(((.....))))))((.((....)))).((((....(((..(((......))))))((.((.....))))(((....))).(((((.....((.((......))))(((.....)))((....)).((((((......(((......)))((.....))...(((((((...))))))).......))))))......))))).....))))....)))...)))..)...(.((.((((....((....))((....))((((((...)))))).)))))).),0.45
97,Bullseye,...(((((((...))))..((((...))))..((((...)))))))........(((((((...))))..((((...))))..((((...)))))))........(((((((...))))..((((...))))..((((...)))))))........(((((((...))))..((((...))))..((((...)))))))...,1.0
98,Shooting Star,(((((((((((((((((...(.(..((.(((.(((.((....).))).)))).).)..))..))))))).(((((..(.(..((.(((.(((((.(((.((((.((....).)))).))))).))).)))).).)..))..)((....))..))))(((((((((...))))).(((((...)))))(.(....).).)))).)))).((((.((((...(((((((...))))))).(((((...)))))))))(((((((...))))))).(((((...)))))))))((((..((....))(..((..(..(.(.(((.((((.((....).)))).)))).)..)..).))..))))).)))))).,0.0
99,Teslagon,......((.......((.((.......((.((...............)).........((...............)).)).......)).((.......((...............)).......)).((.......((.((...............)).........((...............)).)).......)).((.......((...............)).......)).((.......((.((...............)).........((...............)).)).......)).((.......((...........((...............)).)).......)).)).......))......,0.0
