,Puzzle Name,Target,  
0,Simple Hairpin,(((((......))))),GGGGGGGGGGGCCCCC
1,Arabidopsis Thaliana 6 RNA - Difficulty Level 0,(((((((....(((...........)))((((((((..(((((((((((((((((((...(((((......))))).)))))).)))))))))))))..))))))))..))))))),GCUUUUGGAAACACAAAAAAAAAAAGUGCUAAAAUGAAGUAAAAAAAAAUGGUUUUGAAAGUUUGGAAAAACGAGCACAAAGCACGUUUUUUUUUGCAACGUUUUGGAACGAAAGC
2,Prion Pseudoknot - Difficulty Level 0,((((((.((((....))))))).)))..........,CGUGACAUUAUAAAAAUGAGUCGAUGAAAAAAAAAA
3,Human Integrated Adenovirus - Difficulty Level 0,((((((((((((((.((((((...........((((((((((((.....((((((((....(((((((((((((........))))))))))....))))))))....))))))....)))))...((((((.......))))))))))............)))))).))))....))))))...))))...,GGGGGGGGGGGGUGAGUGUGGAAAAAAAAAAACCCCGGCGGGGGAAAAAGGCGGGGCAAAAGGGGGGGGGGGGGAAAAAAAACCCCCCCCCCAAAACCCGCCCCAAAAGCCCCCAAAACCGCCAAAGCCCCCAAAAAAAGGGGGCGGGGAAAAAAAAAAAACCGCGCACGCCAAAACCUCCCAAACCCCAAA
4,The Gammaretrovirus Signal - Difficulty Level 0,..(.(..((((((....))))))..).)......((((..(((.(((((((((....)))))....)))))))))))..((((((((....))))))))..,AACGCAAGGGGGGAAAACCCCCCAAGGGAAAAAACCCCAAGGGACCCCCCACCCAAAAGGGGGAAAAGGGGCUCGGGGAACCGCGCGCAAAAGUGUGUGGAA
5,Saccharomyces Cerevisiae - Difficulty Level 0,(((((((((((........)))).((...............))....(((((.......))))))))))))....(((((((..((((........))))(((.............)))....(((((.......))))))))))))....(((((((..((((........))))((((((.......))))))....(((((.......))))))))))))....(((((((..((((........))))((((((.......))))))....(((((.......))))))))))))....(((((((..((((........))))((((((.......))))))....(((((.......))))))))))))....,CGGUGGCCGGCGAAAAAAAGCCGAGGGAAAAAAAAAAAAAACCGAAACCCCCGAAAAAAGGGGGGCCGCCGGAAAGGGUGGGAAGGGCGAAAAAAAGCCCCGCGAAAAAAAAAAAAGCGAAAACGGGCGAAAAAAGCCCGCCCGCCCAAAAGGGUCGGAAGGGGGAAAAAAACCCCGCCCCCGAAAAAAGGGGGCAAAAGGGGGGAAAAAACCCCCCCGGCCCAAAAGGGCCCCAAGCCCGAAAAAAAGGGCCCUCCCGAAAAAAGGGGGGAAAAGGGGGGAAAAAACCCCCGGGGCCCAAAAGGGGGGGAAGGGGGAAAAAAACCCCCGGGGCGAAAAAAGCCCCGGAAAGGGCCGAAAAAAGGCCCCCCCCCCAAAA
6,Fractal 2,.....((((((((...((((((((((..((((..........))))..((((..........))))..((((..........))))..))))))))))...((((((((((..((((..........))))..((((..........))))..((((..........))))..))))))))))...((((((((((..((((..........))))..((((..........))))..((((..........))))..))))))))))...)))))))).....,AAAAAUAAAAAAUAAAAUAAAAAAUAAACGACGAAAAAAAAAGUCGAAAUACGAAAAAAAAAGUAUAACUACGAAAAAAAAAGUAGAAUAUUUUUUAUAAAAUAAAAAAUGAACUACGAAAAAAAAAGUAGAACAUAGAAAAAAAAAUAUGAAGUACGAAAAAAAAAGUACAACAUUUUUUAUAAAAUUUUUUUAUAACUAUGAAAAAAAAAAUAGAAGUAUGAAAAAAAAAAUACAAGUAUGAAAAAAAAAAUACAAAUAAAAAAAUAAAAUUUUUUAAAAAA
7,G-C Placement,((((...)))).,GUAUUUAAUACA
8,The Sun,(((.(((((((...))))..))))))...(((.(((((((...))))..))))))...(((.(((((((...))))..))))))...(((.(((((((...))))..))))))...(((.(((((((...))))..))))))...(((.(((((((...))))..))))))...(((.(((((((...))))..))))))...(((.(((((((...))))..))))))...(((.(((((((...))))..)))))),CCCACCCCCCCAAAGGGGAAGGGGGGAAAGGGAGGCGGCGAAACGCCAAGCCCCCAAACCCAGCGCCCCAAAGGGGAACGCGGGAAACGCAGCGCCCCAAAGGGGAACGCGCGAAACGCAGCCCCCCAAAGGGGAAGGCGCGAAACCCAGCCCGCCAAAGGCGAAGGCGGGAAACGGAGCCCCCCAAAGGGGAAGGCCCGAAAGCCACCCCGGCAAAGCCGAAGGGGGCAAACCCACGCGCGGAAACCGCAAGCGGGG
9,Frog Foot,..........((((....))))((((....))))((((...)))),AAAAAAAAAACUGUGAAAAUGGGUUAGAAAUAGCGAGCAAAGCUC
10,InfoRNA test 16,((((((.((((((((....))))).)).).)))))),UAAAACGAGAAAAACGAAAGUUUUAUCAUGGUUUUA
11,Mat - Martian 2,((((....))))...(((((((..(((((((.......))))))))))))))...((((((((......(((((((.(((((((.......))))))))))))))...((((((((((((((.......))))))).)))))))......))))))))...((((((((((((((.......)))))))..)))))))...((((....)))),UAACGAAAGUUAAAAAUAUUUAAAUAGAGAUAAAAAAAAUUUUUAUAAAUAUAAAAUUUUUUAAAAAAAUAAAGAUAUAAAGAUAAAAAAAAUUUUUAAUUUUUAAAAAUUUUUAGAGAAAUAAAAAAAAUUUUUCAUAGAAAUAAAAAAUGAGAGGUAAAUAAAAACAUUUUUAAAAAAAAUAGAAGUAAGUUUUUAAAAUAACGAAAGUUA
12,square,((((((((((((((((((((((((((...))))))....)))))))....))))))....))))))),GGCGGGGGGGGGGGGGGGGGGGCGGGAAACCCGCCAAAACCCCCCCAAAACCCCCCAAAACCCCGCC
13,Six legd turtle 2,.....((...((....))...((....))...((....))...((....))...((....))...((....))...))....................,GGAAAGGAAAGGGAAACCAAAGGGAAACCAAAGGGAAACCAAACCGAAAGGAAACCGAAAGGAAACCGAAAGGAAACCAAAGAAACAACAACAACAAC
14,Small and Easy 6,(((((.....))..((.........))))),GCCGCGAAAAGCAACCGAAAAAAAAGGGGC
15,Fractile,............((....))...((...((....))..((...((....))...))..((....))...))..((....))........................,GGAAAAAAAAAACCGAAAGGAAACCAAACCGAAAGGAACGAAAGGGAAACCAAACGAAGGGAAACCAAAGGAACCGAAAGGAAAAAAAGAAACAACAACAACAAC
16,Six legd Turtle,.....((....((....))....((....))....((....))....((....))....((....))....((....))....))....................,GGAAGCCAAAAGGGAAACCAAAAGCGAAAGCAAAACCGAAAGGAAAAGGGAAACCAAAACCGAAAGGAAAACCGAAAGGAAAAGGAAAGAAACAACAACAACAAC
17,snoRNA SNORD64,((((((.....(((....(((...(((((.............)))))....)))..)))..)))))),CUUUUAAAAAGUAUAAAGAUAAAGAAAAGAAAAAAAAAAAAACUUUUAAAGUAUAGAUAAGUGGGAG
18,Chalk Outline,.....((((.(((((....)).))).(((.(((....)))))).((((((....)).)))).(((((....))).)))))).......................,GGAAACGGCACGCCGAAAACGAGCGACCGACGCAAAAGCGCGGACCGCGGAAAACCAGCGGACGGGCAAAAGCCACGGCCGAAAAAAGAAACAACAACAACAAC
19,InfoRNA bulge test 9,(((((((.(.(.(.(((((((....))))))))))))))))),GGGGGGGAGAGAGAGGGGGGGAAAACCCCCCCCCCCCCCCCC
20,Tilted Russian Cross,.....((((((((....))))((((.((((....))))(((((....))))).((((....))))))))((((....))))))))....................,GGAAAGCCCGGGCGAAAGCCCGCCGACGCGGAAACGCGCCGCCAAAAGGCGGACCGCGAAAGCGGCGGCGCGGGAAACCGCGGGCAAAGAAACAACAACAACAAC
21,This is ACTUALLY Small And Easy 6,................................................................................................................................................................................................................................................................................................................................................................................................................,AAAAAAAAAAAAAAAAAAAAAAAAAAAAAAAAAAAAAAAAAAAAAAAAAAAAAAAAAAAAAAAAAAAAAAAAAAAAAAAAAAAAAAAAAAAAAAAAAAAAAAAAAAAAAAAAAAAAAAAAAAAAAAAAAAAAAAAAAAAAAAAAAAAAAAAAAAAAAAAAAAAAAAAAAAAAAAAAAAAAAAAAAAAAAAAAAAAAAAAAAAAAAAAAAAAAAAAAAAAAAAAAAAAAAAAAAAAAAAAAAAAAAAAAAAAAAAAAAAAAAAAAAAAAAAAAAAAAAAAAAAAAAAAAAAAAAAAAAAAAAAAAAAAAAAAAAAAAAAAAAAAAAAAAAAAAAAAAAAAAAAAAAAAAAAAAAAAAAAAAAAAAAAAAAAAAAAAAAAAAAAAAAAAAAAAAAAAAAAAA
22,Shortie 4,((....)).((....)),CUGAAAAGAGUGAGAGC
23,Shape Test,.....(.((((..(((((........)))))..(((.(((.(((((.....))))).((((....)))).))))))..)))).)....................,GGAAACGCGCCAACCCGCAAAAAAAAGCGGGAACGCACGCAGCCCGAAAAACGGGCACCCGAAAACGGGAGCGGCGAAGGCGGGAAAGAAACAACAACAACAAC
24,The Minitsry,(((.....(((.....(((.....(((.....(((........))).))).))).))).))),CCGAAAAAGGCAAAAAUCUAAAAACACAAAAAGUCAAAAAAAAGACAGUGGGGAAGUCGUGG
25,stickshift,..((((((((.....)).))))))..,AAAUGUGAAUGAAAAAUAUUAUAUAA
26,U,.....(((((.(.(.((.(.(((((((((....))))))))))))))))))).....,AAAAGAUAUUAGAGACUAGAGUUUUUUUAGAAAUGGGGGGGCCAGCCGAUGUAAAAA
27,Still Life (Sunflower In A Vase),...((((..(((((.....)))))..(((((...)))))..(((((.....)))))..(((((...)))))..(((((.....)))))..(((((.....))))).((((((((((((((((((((((((((((......))))).(((((.............((((.........................................)))).............)))))(((((....))))).)))))))))))))))))))))))..(((((.....)))))..(((((.....)))))..(((((.....)))))..(((((.....)))))..(((((....)))))..(((((.....))))).))))...,AAAGCUGAAAAUUCAAAAAGAGUUAACAUACAAAGUAUGAAAUAACAAAAAGUUAUAACUAUGAAACGUAGAAUAAUCAAAAAGAUUAAAGGCGAAAAAAUUGUCAUAUAUGGGGGAGGGUAGGGGAUGGAUACAAAAAAGUAUCGGAUCUGAAAAAAAAAAAAUGGCAAAAAAAAAAAAAAAAAAAAAAAAAAAAAAAAAAAAAAAAAGUUAAAAAAAAAAAAAAAGAUCGAUAGAAAACUAUCACAUUUUUUAUUUUUUUUUAUAUAAACGCGCAAAAAGUGUGAAGGAGUAAAAAAUUUCAAGUGUUAAAAAAGCGCAACUAUCAAAAAGAUAGAAGUAAGAAAACUUACAAGAUAGAAAAACUAUCACAGCAAA
28,Quasispecies 2-2 Loop Challenge,.....((((((((..((((....))))..)))).((((..(...)..)))).((((..(..(((.....)))..)..))))))))....................,GGAAACCGCGGCGAAGGCGAAAACGCCAACGCCAGGCCUGCGAGGUGGGCCACCGCAACAACCCAAAAAGGGAAGAAGCGGGCGGAAAGAAACAACAACAACAAC
29,Corner bulge training,.(((((((((((...)))))....)))))).,AUAUAUAAUAUAAAAUAUAUCAAAUAUAUAA
30,Spiral,.....((((.((((((.(((.(((((.((((.((((.((.((.((.((.((.((.....)))))))))))))))))))))))))))))))))))))).....,AAAAAGUUGAUGUUUUAGUUAGUAUUAUGUUAUUAGAUGAUGAUGAUGAUGAUGGAAAACGCACACACACACUGAGAUAGGUGCAGCAGGAUACAGCAAAAA
31,InfoRNA bulge test,.............................((((......((((....((((...((((..((((.((((.....)).)).)).))..)).))...)).)).....)).))......)).)).,AAAAAAAAAAAAAAAAAAAAAAAAAAAAAGCCCAAAAAAGGGGAAAAGGGGAAAGGGGAAGCGCAGGGGAAAAACCACCAGCAGCAACCACCAAACCACCAAAAACCACCAAAAAAGGAGCA
32,Worm 1,.......(.(.(.(.(.((.((.(....).)).)).).).).).),AAAAAAAGGUGAGAGAGUAGUUGCGAAGGGAAGUAGUGUGUGAGC
33,just down to 1 bulge,.....((((.(((((....))))).(((....))).)).))....((((.(((....))).(((....))).))))....................,AAAAAGCGGAGUUUGGAAACAAACACACGAAAGUGACCAGCAAAAGUUGAGUGGAAACACAGUGGAAACACACAACAAAAAAAAAAAAAAAAAAAA
34,Iron Cross,.(((.(((...(((.(((...))).(((....))).)))...(((.(((....))).(((...))).)))...(((.(((....))).(((...))).)))...))).(((...))).)))..,ACUAAGAGAAAGUGAGAGAAACUCAGUUGAAAAGCACACAAAGACAGUCGAAAGGCAAUGAAACGUAGUCAAAGGGAGGCGAAAGUCACUCAAAGAGACCCAAACUCAGUCAAAGACAUAGAA
35,loops and stems,.....(((((((...((((...((((...((((.........(((((............)))))...))))....((((..........))))...))))...(((........)))...))))..((......))...))))))).....,AAAAAAUUUAAUAAAAACCAAAUAUCAAACGGCAAAAAAAAGAGUGAGAAAAAAAAAAAUUAUUAAGGUUGAAAAUAUCGAAAAAAAAAGGUAAAAGGUAAAAUCUGAAAAAAAAGAAAAGGUUAAUAGAAAAAUAAAAAUUAGAUAAAAA
36,Water Strider,.....((.((..(((((.(((....)))(((....)))))).....((((((....)))(((....))).)))))..)).)).....................,GGAAACGGCGGAGCGGGAGUCGAAAGACCUGGAAACAGCCCAAAAAGACGUGGAAACACCUCGAAAGAGAGUCGCGACGGCGAAAAGAAACAACAACAACAAC
37,The Turtle(s) Move(s),...((....))....(((((((((.........)))))))))....((((.....)))).....(((....)))...(((((.......)))))....(((...((....)).....(((....)))....((((((.......))))))....(((....))).....((((((....(((.......)))..(((........)))...(((((......)))))...((((.....))))..)))))).........((....)).....((....))......(((((..........)))))......))),AAAUGGAAACGAAAAGUUUAUUUUGAAAAAAAAGGGAUAGAUAAAAUUACGAAAAGUGGAAAAAGUUGAAAGAUAAAUAUAUGAAAAAAGUGUAAAAAGCGAAAGGGAAACUAAAAAGGGGAAACUUAAAAAUUUAAGAAAAAAUUGAGUAAAAAGGGAAACUUAAAAAUAAUAUAAAAUACGAAAAAAGUAAAAUGGAAAAAAACAUAAAUAUAUGAAAAAAUAUAAAAUAACGAAAAGUUAAAAUAUUAAAAAAAAAAUGGAAACAAAAAAUGGAAACAAAAAAAGGGCGGAAAAAAAAACGUUUAAAAAACGC
38,Adenine,(((((.((((((.((((((.((((((.((((((.((((((....((((((......)))))).)))))).(((((...(((((((...)))))))))))).)))))).((((((((((((...)))))))...))))).))))))....))))))....))))))....))))),UAAUGAAUAUUAAAAUUUGACAAUAUAGUAUUGAAUUAUAAAAAUUUAUUGAAAAAAAUAAAAUAUAAUAGAUAUAAAUAAAAUAAAAUAUUUUAAUAUCACAAUACACAUAAAAAAUUAAAAUAAUUUUAAAUUAUGAAUAUUGAAAACAAAUUAAAAUAAUAUAAAACAUUA
39,Tripod5,..((((((((.....))))((((.....))))))))..,AAGCCCCAUUGAAAAGAUGGUAUGAAAAGUACGGGUAA
40,Shortie 6,((....)).((....)).((....)).((....)),GAGAAAUCAGAGAAAUCAGUGAAAGCAGGGAAACU
41,Runner,.....((((.((((.....((((...)))).))))...(((..((((((...)))...)))((((((...)))...))).)))...(((...(((....))).))).)))).....,AAAAAGCCCAGCACGAAAGGGUGAAACACCAGUGCAAACCCAACCCCCGAAACGGAAAGGGGCCCGCAAAGCGAAAGGCAGGGAAACCCGAGGUCGAAAGACAGGGAGGGCAAAAA
42,Recoil,.....(((((..((..((..(((..(((..((..((...)).)).))).))).)).)).))))).....................,AAAAACCGCCAACCAACCAACCCAACGCAAGCGAGCAAAGCAGCAGCGAGGGAGGAGGAGGCGGAAAAAAAAAAAAAAAAAAAAA
43,[CloudBeta] An Arm and a Leg 1.0,.....(((.(((((....)).)))(((.((....))))).)))....................,GGAAAGUCACUGAUGAAAAUACAGGAUAUGGAAACAAUCAGACAAAGAAACAACAACAACAAC
44,[CloudBeta] 5 Adjacent Stack Multi-Branch Loop,(((((((((....))))(((((....)))))(((((....)))))((((....))))))))).,CUGUCGGGUGAAAACCCCAUACGAAAGUAUGCAUACGAAAGUAUGGACGGAAACGUCGACAGA
45,Triple Y,.....((((((((((((....))))((((....))))))))((((((((....))))((((....))))))))))))....................,GGAAAGGUCGCAGGACCGAAAGGUCGCUGGAAACAGCCUGCCCUAGGCUGAAAGGCCCACCGAAAGGUGUAGGGACCAAAGAAACAACAACAACAAC
46,Misfolded Aptamer,((((......(((((...))).((....)).........)).....)))),GUACGAAAAGCGGUCAAAGACAUAGAAAUAAAAAAAAAACGAAAAAGUAU
47,Flower power,.....((((((((...)))).((((((((...))))..((((...))))..((((...)))))))).((((...))))))))....................,AAAAAAUCCGGGCAAAGCCCACCACGUGCAAAGCACAAGUUCAAAGAACAAGGCCAAAGGCCGUGGACGCGAAACGCGGGAUAAAAAAAAAAAAAAAAAAAA
48,Kudzu,.....(((.(..(.(((((.((((.((...)))).))))((((((...)).))))..(((...)))...))).)..).)))....................,GGAAAGGGAGAAGAGCGGGACGCCACGAAACGGGACGCCGCCGGCAAAGCACGGCAAGCGAAACGCAAACGCACAACACCCAAAGAAACAACAACAACAAC
49,"""1,2,3and4bulges""",.....((((.(((((....))....))).(((....))).)).)).....((((.((((....))...)).(((....))).))..))....................,AAAAACGCGACCGCCAAAAGGAAAACGGAGCCAAAAGGCACGACGAAAAGGCCAGCCGAAAGUAUGCACGCGAAAGCGAGGAACCAAAAAAAAAAAAAAAAAAAA
50,medallion,((((((.((((((....)))))).(((....))).(((....))).((((((....)))))).(((....))).((((((....)))))).(((....))).(((....))).((((((....)))))).(((....))).((((((....)))))).(((....))).(((....))).((((((....)))))).(((....))).((((((....)))))).(((....))).(((....))).((((((....)))))).(((....))).((((((....)))))).(((....))).(((....))).((((((....)))))).)))))),CUCCCCAUCUGGGGAAACUCGGGAGUGGAAACGCACUGGAAACGGAGGUGGGGAAACUCGCUAGGCGAAAGUCAGGUGGGGAAACUCGCUACCGGAAACGGACGGGAAACCGAGGGGGGGAAACCCCCCAGGGGAAACCCAGGCCGGGAAACCGGCCAGCCGAAAGGCACCGGAAACGGAGGGGGGGAAACCCCCCAGGGGAAACCCAGCGGGGGAAACCCCGCACGGGAAACCGAGUCGAAAGGCACCUCUGGAAACGGGGGAGGGGAAACUCAGGGGGGGAAACUCUCUAGUCGAAAGGCAGGGGAAACUCAGGUGUCGAAAGGCGCUAGGGGGG
51,[RNA] Repetitious Sequences 8/10,((......((......))......(((......((......))......((......))......)))......)).....,ACGAAAAAACCAAAAAAGGAAAAAAGGAAAAAAGGAAAAAACCAAAAAACCAAAAAAGGAAAAAACCAAAAAACGAAAAA
52,Documenting repetitious behavior,.......((.........((.........((.........((.........((.........((.........((.........((.........((.........((.........((.........((.........((.........((.........((.........((.........((.........((.........)).........)).........)).........)).........)).........)).........)).........)).........)).........)).........)).........)).........)).........)).........)).........)).........)).........))......,AAAAAAAGGAAAAAAAAAGGAAAAAAAAGCCGAAAAAAAAGGAAAAAAAAAGGAAAAAAAAAGGAAAAAAAAGCCGAAAAAAAGCCGAAAAAAAAGGAAAAAAAAACCAAAAAAAAACCAAAAAAAAAGGAAAAAAAAAGGAAAAAAAAGCCGGAAAAAAGCCGAAAAAAAGCCGAAAAAAAAGGAAAAAAAAAGGGAAAAAAAACCGAAAAAAAGCCGAAAAAAAAGGAAAAAAAAAGGAAAAAAAAAGGAAAAAAAAGCCGAAAAAAAGCCAAAAAAAAAGGAAAAAAAAAGGAAAAAAAAACCGAAAAAAAAGGAAAAAAAAAGGAAAAAAAAGCCGAAAAAAAGCCGAAAAAAAGCCGAAAAAAAAGGAAAAAAAAGCCGAAAAAAAGCCAAAAAA
53,7 multiloop,(((((((((....)))))(((((....)))))(((((....)))))(((((....)))))(((((....)))))(((((....))))))))),GCCGGAAUAGAAAUAUUCGAUAAGAAAUUAUCCCGCCGAAAGGCGGCUAUAGAAAUAUAGGUAUCGAAAGAUACCAAUCGAAAGAUUGCGGC
54,Kyurem 7,.....((((((((((....)))(((....((((.(((.....))).((((((......)))...))))))))))))).))))....................,GGAAAGGAGCGCGACGAAAGUCCCGAAAACAGCAGUCGAAAAGACAGCGCGCGAAAAAGCGAAACGCGCUGCGGGCGACUCCAAAGAAACAACAACAACAAC
55,JF1,(((((((((((.(((((..(((((....((((((..(((((...(((((..((((((.((((((((((((((....))))))))))))))..(((....))).(((((((((....)))))))))..(((((....))))).)))))).))))).))))).))))))...((((((((.....))).)))))..((((((((((((((((((((((((....)))))))))))))).))))))))))...(((((......)))))((((((((((....))))))))))...((((....))))..)))))..))))).((((.(((.(((....)))))))))).(((((((((....))))).)))).)))).))).))))...,GUAUGAUUAUCACAUAUUGGUAUGAAAAUAUAUAGGUAUAAGAGUAUUAGGUAUAUGAUUUUUUUUUUUUUUGAGAGGGGGGGGGGGGGGAAGGGGAAACUUAUAUUUUUUUGAGAGGGGGGGUGAAUUUAUGAGAGUGGGAUAUAUAAUAAUAAUUAUAAUAUAUGAAAUAUAUCUUGAAAAAAGAAUAUGAAUAUAUAUAUAUAUAUAUAUAUAAUGAGAGUUAUAUAUGUGUACUAUGUGUGUGAAAUAAAGGAAAAACUUUGGUAUAUAUAUGAGAGUAUAUAUAUAAAUAAUGAGAGUUGAAUAUAUUGGUAUGAGAUAUAAUAGAUGAGAGUCAUUUAUCAGAUUUAUAUGAGAGUAUAUAAUCAGAUAUAUCAAUACAAA
56,multilooping fun,(((.(..((.((....)).((....)).))..).(....).))),CCAGUGGAGGAAACAGGAAACAUUGCAGGAAACAGG
57,Multiloop...,((((.((((.(((....))).(((....))).(((....))).(((....))).(((....))).(((....))).)))).(((((......)))))(((....))))))),CCCCACCGCAGGGGAAACCCACCCGAAAGGGAGGGGAAACCCAGCCGAAAGGCACCCGAAAGGGAGCCGAAAGGCAGCGGACCCCCAAAAAAGGGGGCCCAAAAGGGGGGG
58,hard Y,.....((((((.((((((((....))))))).)))((((((((((....)))))))))))))).....,AAAAAGAGGGGACCGGGGGAGAAAUUUUUUGCGCCCUGCGGGGAUGAAAGUUUUUGUAGCUUCAAAAA
59,Mat - Elements & Sections,.....((((.(...(.((((.(.((((.((.((((.((.(((....))).).)))))).).))))....).)))).)...).))))....................,GGAAAGAUCGCAAACGGAUCGGACUAGCGCGCCAGCGCACUGAAAACAGAGACCUGGGACCUAGAAAACGGAUCGGAAAGGGAUCAAAGAAACAACAACAACAAC
60,Chicken feet,.....((.((.((...)).((....))...)))).((.((.((...)).((....))...)))).....,AAAAAGGAGGACGAAACGAGCAAAGCAAACCCCAGGACCACGGAACGAGCGAAGCAAAGGCCAAAAA
61,Bug 18,.((.((.((.((..((..((.((...))..)).)).))..))..))....)).,AGAGGUAGAAGUGGGUGGGUAUCAAAGAGGGCAGCAGCGGUCGGACAAAAUCA
62,Fractal star x5,.....((((((((..((((....))))..((((....))))..((((....))))..((((....))))..)))))))).....((((((((..((((....))))..((((....))))..((((....))))..((((....))))..)))))))).....((((((((..((((....))))..((((....))))..((((....))))..((((....))))..)))))))).....((((((((..((((....))))..((((....))))..((((....))))..((((....))))..)))))))).....((((((((..((((....))))..((((....))))..((((....))))..((((....))))..)))))))).....,AAAAAGGGUGUGAAAUAAGAAAACUUAAAUUAGGAAACUAAAAUUUGGAAACAAAAAAUUGGAAACAAUAAUUAUAUUUAAAAAUGGGGGGUAAUUUGGAAACAAAAAAAAGGAAACUUUAAUUUGGAAACAAAAAUUAUGAAAAUAAAAAUUUUUUAAAAAAAUUUUAUUAACUAGAAAACUAGAACUUGAAAACAAGAACAAUGAAAAUUGAACUUAGAAAUAGGAAGGUGAGGUAAAAAAUAUUAUUAAGGGCAAAAGUUCAAUUUCAAAAGAGAAACUAGAAAACUGGAACAGGAAAACUUGAAGGUGGUGUAAAAAAUUUUAUUAACUUGGAAACGGGAACUAUGAAAGUGGAACUUUGAAAGGAGAACUUAGAAAUGGGAAGGUGAGGUAAAAA
63,Crop circle 2,((...((....((.....((.........((..............................))...............)).........)).......))....))....,GGAAAGGAAAACCAAAAACCAAAAAAAAAGCGAAAAAAAAAAAAAAAAAAAAAAAAAAAAAGCGAAAAAAAAAAAAAGGGGAAAAAAAGGGGAAAAAGCCGAAGCCAAAA
64,Branching Loop,.(((((........)((((....))))..)))).......,AGAGUGGAAAAAAACGUAUAAAAAUACAGACUCAAAAAAA
65,Bug 38,.((.((.((..((.(...).)).))..))....)).,ACAAGCAGAGGGCGCAAAGGGUAUCGGGUGAAGUGA
66,Simple Single Bond,......(......((((.....))))......)......................,AAAAAAGAAAAAAAAUAGUAAAAAAUACUUAAAAAAAGCAAAAAAAAAAAAAAAAAAAAAA
67,Taraxacum officinale,((((....).))).((((....).))).((((....).))).((((....).))).((((....).))).((((....).))).((((((((((((((((((((((...)))).))))))).(((((..((((((((((..(((((((...))))))).))))))))))((((.((((((...)))))))))))))))...))))))))))).((((....).))).((((....).))).((((....).))).((((....).))).((((....).))),GGGGGAAACAUUCAGUGGGAAACAUGCAGUGGGAAACAUACAGGGGGAAACAUUCAGGGGGAAACAUUCAGAUGGAAACAAUCAAUAGGGAUUUACUUAGGUAUUAGAAUAGUAAUUUGGGACAUUUAAGAUAUAUAUAAAUAUAUAUGAAAUAUAUAAUAUAUAUAUUCAUGACAUAGAGAAUUUGUGCAUGGAGUGAAAUAGAUUUUUGUAGGCGGAAACAGUCAGGGGGAAACAUUCAGGGGGAAACAUUCAGUGGGAAACAUGCAGGCGGAAACAGUC
68,Headless Bug on Windshield,.((.((.....(((((...((.(((.........................))).))...))).))...)).)).(((..(((..((.......((....)).......)))))......))).(((((.......(((..((..(((..((.(((...............)))..))..)))..)).)))..))..))).,ACCGUAGAAAAUCAUUGAAUUGUUUAAAAAAAAAAAAAAAAAAAAAAAAGGGAGGGGAAGGUAGAGAAUAGGGAGUAGAGAUAAUCGAAAAAAGUGAAAAUGAAAAAAGAGUCGAAAAAUGCAGUGGGAAAAAAGAGUGAGAGACUUUGGGGCAGGAAAAAAAAAAAAAACUGGAUUUGGGGGAUUGACUAGCCAACACA
69,Pokeball,...(((((((....((..((..(((..((..((..((..((..((..((...)).))..)).)).))..)).))).)).)))))))))........(((((((....((..((..(((..((..((..((..((..((..((...)).))..)).)).))..)).))).)).)))))))))...,GGACAUAUGGAAAAGGAAAGAAGAUAAUGGAGAGGAUGGGAGAUGGGGCGAAGCACGGAUCAAUAUUGACAAAUCACUACCCUAUGUGAGGAAGGAUGGAUUUAAAACUGGUCGGCCUGGUUUGAUGACUGAUUUGGGGGGCAAAGCAUUUGGAGAGAGUUGGAAGGGAGAAAGAAAUUUAAGG
70,Variation of a crop circle,....((....((....((....((..((..((...))..))....))......)).......)).........)).............,AAAAGGGAAAGCGAAACUGAAAGUGAUUUGUGGAACAUGGAGAAAACGAAAAAGGGAAAAAAGCGAAAAAAAACCAAAAAAAAAAAAA
71,Loop next to a Multiloop,..((((((((.......(.((((((....)))))).(((((((....))))))).).......))))))))..,AAUAUAUAAUUAAAAAGCGGUAUUACAAAUAAUACAGAAUAUAGAAAUAUAUUCAGAAAAAAUAUUAUAUAAA
72,Snowflake 4,((((...))))(((((((....))(((((..(((((((....))(((((((((...))))..((((...)))))))))((....)))))))..(((((((....))(((((((((...))))..((((...)))))))))((....)))))))..(((((((....))(((((((((...))))..((((...)))))))))((....)))))))..(((((((....))(((((((((...))))..((((...)))))))))((....)))))))..(((((((....))(((((((((...))))..((((...)))))))))((....)))))))..)))))((....)))))))((((...)))),ACUCAAAGAGUGUAAGGGGAAACCGAUUCGACCGCCCCGAAAGGCCUUCGUCGAAACGACAGACCCAAAGGGUGAAGGGGGAAACCGGCGGAACCGCCCCGAAAGGCCAGCGAGCAAAGCUCAGACCGAAACGGUGCUGGGGGAAACCGGCGGAAGCAUCCCGAAAGGCCUACGUCGAAACGACAGACUGAAACAGUGUAGGGGGAAACCGAUGCGAGCACCCCGAAAGGCAUUCGAAGAAACUUCAGACGCAAAGCGUGAAUGGGGAAACCGGUGCAAGACGGCCGAAAGGGUAUCGUCGAAACGACAGACAGAAACUGUGAUACGGGAAACCCCGUCAAGAAUCCCGAAAGGCUUACCAGGAAACCUG
73,Mat - Cuboid,(..((....((..((....((..((....(..((..((....((..((..((....(..((..((..((....((..((..((..((....((..((..((..((..((....((..((..((..((..((....((..((..((..((..((..((....((..((..((..((..((..((....((..((..((..((..((..((......))..))..))..))..))..))))..))..))..))..))..))))..))..))..))..))..))))..))..))..))..))))..))..))..))..))))..))..))..))))..))..))..)))..))..))))..))..)))..))))..))))..),CUGGCAAAACGUGGUAAAACGAAGGAAAACUGAUUGGGAAAACGUGACAAACAAAAGUGAAUGAUUGAUAAAACCUGCAUGACUGCGAAAACUUGAAUGAAUGAAUGAGAAAAUUUGUUUGUUUGUUUGUGAAAAUAUGAAUGAAUGAUUGACUGCAAAAAUUUGUUUGUUUGUAUGAUUGCAAAAAUUUGUUUGUUUGAAUGAAUGAAAAAAAAUUUGUUUGUUUGAAUGAAUGAAUGUGAUUGUAUGAAUGAAUGAAUGUGGUUGAUUGUUUGUUUGUACAUGAAUGAAUGAAUGAACUUGUUUGUUUGUUUGAGCGUGGUUGUGUGGGAUUGAUUGUUUGCGUAAGUUGCGCCUGAUUGGCCAACGACUGCGGCUGG
74,Misfolded Aptamer 6,......(((......((((..(....(((........)))....).....)))).......)))...........,AAAAAAGAUGAAAAAGUAUAGCAAAGGUAGAAAAAAAUAUAAAGGAAAAGGUAUGAAAAAAGUUAAAAAAAAAAA
75,Snowflake 3,(((((....)).((((((....)))..((((.((((..(((....)))(((.((....))(((...)))((....)).)))(((....)))..)))).((((..(((....)))(((.((....))(((...)))((....)).)))(((....)))..)))).((((..(((....)))(((.((....))(((...)))((....)).)))(((....)))..)))).((((..(((....)))(((.((....))(((...)))((....)).)))(((....)))..)))).((((..(((....)))(((.((....))(((...)))((....)).)))(((....)))..)))).))))..(((....)))))).((....))))),GGGGGGAAACCAGCGUUGGAAACAAAAGUACAGUACAACUGGAAACAGGCGACCGAAAGGCCCAAAGGGGGGAAACCACGCCGGGAAACCGAAGUACACUAGAACUGGAAACAGGCGACCGAAAGGCCCAAAGGGGGGAAACCACGCCAGGAAACUGAACUAGACAUGAAAUGGAAACAUGCGACCGAAAGGCCCAAAGGGGGGAAACCACGCGACAAAAGUCAACAUGAGAUGAAUUGGAAACAACUCACCGAAAGGCCCAAAGGGGGGAAACCAGAGGUGGAAACACAACAUCACUUGAAAUGGAAACAUGCCACCGAAAGGCCCAAAGGGGGGAAACCAGGCUAGGAAACUAAACAAGAGUACAAAAGGAAACUUCGCACCGAAAGGCCC
76,Hard Y and a bit more,.....(((((((.(((((....)))).)))(((((.((..((((....))))..(((((......)))))..)).))))))))))....................,GGAAAGAUAGGGACCUAUGAAAAUAGCGCCGCAUAGAUAAAUAUGAAAAUAUAAAUAUAGAAAAAUAUAUAAAUGUAUGCCUAUCAAAGAAACAACAACAACAAC
77,Mat - Lot 2-2 B,((..(((..((((..((....((..((((....))....))..))))..))....))..))((..((..((..((((..((....((..((((..((....((....))))..))....))..))))..))((..((..((....))((..((((..((....((..((((....))....))..))))..))....))..))))..))..))..))((..((....((..((((..((....((....))))..))....))..))))..))))..))..)..)),CUGGGGUGGCCGUGCGAAAAGCUGGGCGGAAACGAAAACCUGGCCGUGCGAAAAGCUGCCGGUGCGAACCUGCGGCUGGUAAAACGUGCCCGUGGAAAAACGGAAACGUCUGCGAAAAGGUGCGACUGGCGCUGGCAACGGAAACGCCUGCGGCUGCGAAAACUUGUAGGGAAACCAAAAUAUGAGCGUGGCAAAACGUGGGGCUGGCAACGUGGGCCUGGGAAAAGGUGCGGCUGCGAAAAGGGAAACCCGUGGCAAAACGUGCCCCUGGGCGUGCCAACUGG
78,Shapes and Energy,......(.((((.((((....(...((((.(....).))))...)))))..((......((((....)))))).)))).).....................,GGAAAAGGAUUUAGAUCAAAAGGAAAUAUGAGAAAUGAUAUGAACGAUCAAGGUAAAAUGCUAGAAAUAGUCCAGAAUGCAAAAGAAACAACAACAACAAC
79,Spiral of 5's,(....(((((...(((((...(((((....(((((...(((((...(((((..(((((....(((((...(((((...(((((..(((((...(((((...(((((..(((((...(((((..(((((..(((((..(((((..(((((.(((((.((((((((((.....))))).....))))).....))))).....))))).....))))).....))))).....))))).....))))).....))))).....))))).....))))).....))))).....))))).....))))).....))))).....))))).....))))).....))))).....))))).....))))).....))))).....)))))....).....,GGAAUGUGAGAAAGUGUAAAAGUGUAAAAAGUGGGAAAGUGGGAAAGGAUAAAGUAUUAAAAGGGUAAAAAUUUAAAAGGUUAAAGUGUGAAAGGGUGAAAGUAUAAAAAUUAAAAAUAUAAAAAUUAAAAUAUAAAUAAUAAAUAUAUAAUUAAAUAUAAAAUAUGAAAAAUAUUAAAAAUUAUAGAAAGUUAAUGAAAGAUAUAGAAAGUAUUAGAAAGUAUAUGAAAGUAAUUGAAAGUAUAUGAAAGUAAUUGAAAGUAUAUGAAAGUAUUUGAAAGUAUAUGAAAGUGAUUGAAAGUGGGUGAAAGUAUUUGAAAGGGUAUGAAAGUAUUUGAAAGUUUAUGAAAGUUUAUGAAAGUAUAUGAAAGUAUAUGAAAGUUUAUUAAAACAAAAA
80,Campfire,....((((..(((((..((((..((((.....))))((((((...))).)))))))((((((.((.((.(((((....)).)))))))(((((.((.((.((....))))))(((((.(((....)).))).)))..)).)))))).))))))))(((.(((.(((.((((....))))))))))((((((((...))).)).))).))))))),AAAAGUACAAGGAUGAAUCAAAAGUUCGAAAAGAAUCACCUAAAAUAGUGUGUUGAGACCACAGGAGUAUCAGGGAAACCAUGAACCCGACCCAGGCAGCAGGAAACUCUCCGAGGACCCGAAAGGCGCGCUCAAGGAGUCGUGAGUCCAUCUACCAGGGAGAGCAUACGAAAGUAUCUCCCCGCCCAGAUAAAAUCAUGAGGCAGGUGUAU
81,Anemone,...((((((....))))))(((((....)))))((((((....))))))(((((....)))))((((((....))))))(((((....)))))(((((....)))))((((((....)))))).(((((....)))))((((((....))))))(((((....)))))((((((....))))))(((((....)))))((((((....)))))),AAAGGUAAUGAGAGUUAUUGAUACGAAAGUAUUGAAUAUGAGAGUAUUUGUAUUGAGAGAUAUGUAAAUGAGAGUUUAUGAUAUGAGAGUAUUGUAUCGAAAGAUAUGUAUAUGAGAGUAUAUAUAUAUGAGAGUGUAGAUAUCGAGAGAUAUUGUAUUGAGAGAUAUGUAUAGGAGACUAUAUGAUUUGAGAGAAUUUAUAUGGAAACAUAUA
82,Fractal 3,.....((((.(((.((....))((....)).))).(((.((....))((....)).))).(((.((....))((....)).))).(((.((....))((....)).))).)))).....,AAAAAGAUAAGAUAGGGAAACUGCGAAAGUAAUCAGAUAGGGAAACUGCGAAAGUAAUCAGUAAAGGAAACUGCGAAAGUAUACAGUAAAGGAAACUUCGAAAGAAUACAUAUCAAAAA
83,Kyurem 5,.....((((((((((....)))(((....((((((((...(((.....)))))))(((......))).))))))))))..))))....................,GGAAAGGAGCGCGACGAAAGUCCCGAAAACUCGGCAGAAAGGCGAAAAGCCCUGCGCGGAAAAACGCACGAGCGGGCGAACUCCAAAGAAACAACAACAACAAC
84,Snowflake Necklace ( or v2.0 ),(((((((((((((((.(((((.((.....)).((.....)).((.....)).((.....)).((.....)).))))).(((.....))).(((((.((.....)).((.....)).((.....)).((.....)).((.....)).))))).(((.....))).(((((.((.....)).((.....)).((.....)).((.....)).((.....)).))))).(((.....))).(((((.((.....)).((.....)).((.....)).((.....)).((.....)).))))).(((.....))).(((((.((.....)).((.....)).((.....)).((.....)).((.....)).))))).))))))))))))))),GCGCGGCCCGCCCCCACCCCCAGGGAAAACCAGGGAAAACCACCGAAAAGGAGCGAAAAGCAGCGAAAAGCAGGGGGACGGGAAAACCGAGCCGCACCGAAAAGGACCGAAAAGGAGGGAAAACCAGCGAAAAGCAGCGAAAAGCAGCGGCAGCCGAAAAGGCACGCGCACCGAAAAGGAGGGAAAACCAGGGAAAACCAGCGAAAAGCAGCGAAAAGCAGCGCGAGGGGAAAACCCAGGGCCACCGAAAAGGACCGAAAAGGAGGGAAAACCAGCGAAAAGCAGCGAAAAGCAGGCCCAGCGGAAAACGCACCGGCAGGGAAAACCAGGGAAAACCACCGAAAAGGAGCGAAAAGCAGCGAAAAGCAGCCGGAGGGGGCGGGCCGCGC
85,Methaqualone C16H14N2O Structural Representation,.......((((.((((.(((.(((....))).(((.(((....))).(((.(((....))).(((.(((....))).(((......))).))).))).))).))).(....).)))).((((...(((.(((...((....))........))).(((.(((....)))(((....)))(((....)))))).)))...((((.(....).(((.(((.(((.(((.(((...(((....))).))).(((....))).))).(((....))).))).(((....))).))).((((((....)))(((....))).(((....)))))).))).))))...)))).)))).......,AAAAAAACCCCAGGGCAGGCAGGGAAAACCCAGGGAGGGAAAACCCAGGGAGCGAAAACGCAGGGAGGCAAAAGCCAGGGAAAAAAACCCACCCACCCACCCAGCCAGAAACAGCCCACCGCAAAGGACCGAAGGCAAAGCAAAAAAAGCGGAGGGAGGGGAAACCCGGGGAAACCCCCCGAAAGGGCCCACCAAGGGGCAGAAACAGGGACGCACCCACCCACCCAAAACCCGAAAGGGGGGGACCCGAAAGGGAGGGAGCCGAAAGGCAGGGACCCGAAAGGGAGCGAGGCGGGGAAACCCGGGGAAACCCACCCGAAAGGGGCCACCCAGCCCAAGGCGGAGGGGAAAAAAA
86,Cat's Toy 2,....((((((((....((..(...................)..(((...((....))...((....))........))).......))))))))))....,AAAACCCCCCCGAAAAGCACGGAAAAAAAAAAAAAAAAAACACGCAAAGGGAAACCAAAGGGAAACCAAAAAAACGCAAAAAAGCCGGGGGGGAAAA
87,Zigzag Semicircle,....(((((((((.((....))).)).).)))))....,AAAAUACAGGGCGCGAAAGGACUCACUGUAAAAA
88,Short String 4,......((.((..((..(...(.((.((....))))..)...(.((..((....))..))..)...).))..)))).....................,GGAAAACGAGCUGGUUUCAAAGUAGACGGAAACGCUUUCAAAGUAGUGCGGAAACGUGCUUUCAAAGUACUGGCCGAAAAGAAACAACAACAACAAC
89,Gladius,((....))..(...(...(..(.(..(...(((.(((...((((....)))).((((((.((((((.((((((.((((((.((((((((((.((((((.(((((.((((.((((..((((...)))).))).)))))).))))).)))))).)))))))).)))))).)))))).)))))).))))))).)))...(((.(((((.(..((((.(..((((.(..((((.(..(((((((.((((((.(((((.((((((.(((.((((((....))))))..)))).)))).))))).)))))).)))))))).)..)))).)..)))).)..)))).)..))))).((((....))))...))).)))...)..).)..)...)...)..((....)),CGAAAGAAGAAAGGAAGGUGCGUUGAAAGAGAAUGCAAAAUUAGAAAUAAUACAUUCGAGAGGUGAGGAUAUGAGGACCAGAGGAUAUAUGCGCUUUGCGCUAGCGCUUGCGCUAGGUAUAAAAUAUAAUAGACCAAGGACUAGGACAAAGGACAUAUAUGACGUGGUGACGAUAUGACGACCGGCGGAAUGAGCAAAAAUCAGGAUGGCAGACAGCAGCGAAGCAGUCCUGCAGAUUAUAGCGCUAUGCGCAUGCGCUUGCGCUUAUAUAUAGAAAUAUAUAGGAAGGACAAGACCAUGACCAUAGACCUAUAAUGGAGAGGAGGAGUUCGGGAGUGUGGAGCAUCCAAUAUGAAAAUAUAAAGAUAUCUAAGUUGAGGUGCAAGCAAAGCAACGAAAG
90,Thunderbolt,((..(((((........(.((..((.(.....(....).((((((((.........((......((((.....))))......))...((..((.......(..(......)..)..((..((.....((....)).((((.....(((.....(..((.(...).))..).....))).((((...(.......(..(.((...)).)..).......)...))))........)))).....((((((...)))))).))..))...........))..)).........(..((((....))((((((.....(........).....))))))..))..)...))))))))........).))..)).).....(.......).)))))..)).,AUUGAUUAUAAAAAAAAAGACUGGUGUAAAAAAGAAAUAAUUAUAAUAAAAAAAAAGUGAAAAAUUAUGAAAAAUAAGAAAAAACAAAACUGAUAAAAAAAUUGUGAAAAAAUGAAAUGUGUCAAAAACGAAAGAUAUCAAAAAACAGAAAAUUGUAGCAAAGGUAUGAGAAAAUGUAUAUAAAACGAAAAAAUUGAGUAAAAUAGUUGAGAAAAAAGGAGUAUAAAAAAAAAGAUAAAAAAGUAUAUAAAGUAUAUAGAUGUAAAAAAAAAAAAAUUGGUAAAAAAAAAGUGGGGAAACGUAAUAGAAAAUGAAAAAAAAGAAAAUAUUACAACUGCAAAAUUAUAAUAAAAAAAAAGACUGGUGUAAAAAGGAAAAAACAAUAAUUGGUA
91,Mutated chicken feet,.......((.((.((....)).((...))...)))).((.((.((....)).((...))...)))).((.((.((....)).((...))...)))).......,AAAAAAAGCAGCACGAAACGAGGAUACCAAAGCGCAGGAGGACGAAACGAGGAUACCAAACCCCAGGACCAGGAUACCAGGAUACCAAAGGCCAAAAAAA
92,Chicken Tracks,........(((((((((((....))))..((((....))))..((((....)))))))))))..(((((((...))))..((((...))))..((((...))))))).........,AAAAAAAAUAUUAUAAUAUGAGAGUAUAAGAAUGAAAAUUUAGUAUUGAGAGAUGUAUAAUAAAGUGCUACAAAGUAGAAGAUAAAAUAUCAAGGUAAAAUACCCACAAAAAAAAA
93,Looking Back Again,(((..(((((((.....((((((...)))))).))))..((((((..(((...)))))).(((((...((((....))))....)))))..)))..)))..(((((((.....(((((....)))))......)))((((((((((...)))))(((((...)))))((((((((..(..(..(..(..(..((((....))))..).)..))..).))(((....)))..))))))...))))))))).(((((.((((......(((((((........((((.....))))))))...))).))))((((......((((((((....))))))..(((((...)).(((((...)))))..)))))....)))))))))...))),UCCAAUCGGUAUAAAAAUGUGAUAAAAUUAUAGGUACAACUCGCUAAUGCAAAGCAAGCAAUAUUAAGGAUUGAGAGGUUAAAGGAUGUAAGAGAACGAAAUGGGGCAGAAAAGAGUUGAGAGAUUUGAAAAAUGCCAUGGGGUUCAAAGAACCGCUUCAAAGAGGCGCAUCACCGGCUGGAAUUGAGGUUGAGAUGAGAGUUUUGAAUUGACUGGAGGAUUGAGAGAUAAUGAUGCAAACCAUGCCCAAGCUACACUCUAAAAAACUAUACUAAAAAAAAUUAUGAAAAAUGAAGUAAAAUAGGAGAGCCAUGAAAAAGGGAUUUUGAGAGGGAUCAACCCGCAAUGCAUAUAGAAACUAUAAAGGGCCGAAAGUGGGUAGCAAAGGA
94,Multilooping 6,..(((((((((((((....)))))(((((....))))))))((((((((....)))))(((((....)))))))))))))..,AAGCUGUGCCCCCCCGAAAGGGGGUCGACGAAAGUCGAGGCCCGUCCCGGAAACGGGAACCGGGAAACCGGUCGGACAGCAA
95,Cesspool,((..(..((....))..(((.(..(.(((...)))..)..)..)))..(..(....)..).(..(....)..).....((....))..)..))..((..(..((....))..(((.(..(.(((...)))..)..)..)))..(..(....)..).(..(....)..).....((....))..)..))..((..(..((....))..(((.(..(.(((...)))..)..)..)))..(..(....)..).(..(....)..).....((....))..)..))..((..(..((....))..(((.(..(.(((...)))..)..)..)))..(..(....)..).(..(....)..).....((....))..)..)),GUGGAAGGAAACAAGAUUGGAGAGGCAAAGCCGGCGGCUGGUUAAUUGCGAGAGUGGAUUGUGAGAGUGGAAAAAGGAAACAACUGCAACUGGAAGGAAACAAGGGUGGACACAGAAACUGGGGGGCUGCCCAACUGUGAGAGUGGAGUGUGAAAGUGCAAAAAGGAAACAACUGGAAGCUGCAACGAAAGAAUCCUGGGCGGACAAAGUCGAGAGUUGGGAAAUUGGGAGACUGGAUUGGGAGACUGGAAAAACGAAAGAAGUGGCAAGCUGCAAGGAAACAACCCUGCACAGCGAAACGCGGGGGGUGGGGAAUUGGGAAACUGGAUUGUGAGAGUGGAAAAACGAAAGAAGUGGC
96,Hoglafractal,(.(((..(((((....(((((......))))))))))((((...((((.....))))))))(((..(((....)))))).(((...((((...((((......))))))))(((..(((.....))))))((.((....)))).((((....(((..(((......))))))((.((.....))))(((....))).(((((.....((.((......))))(((.....)))((....)).((((((......(((......)))((.....))...(((((((...))))))).......))))))......))))).....))))....)))...)))..)...(.((.((((....((....))((....))((((((...)))))).)))))).),ACGUCCAAGACUAAAAUGUUAUGAAAAAAUGAUUGGUUGGAGAAAUUACGAAAAGUAACUCCGUGAAGUAGAAAUACCACAGGCAAAGUAGAAAUAAUGAAAAAAUUACUACGGGAAUACGAAAAGUACCCGGAGCGAAAGCCCAGCACAAAAGCGAAGACGAAAAAGUCCGCGGACCGAAAAGGCCGAUGAGAGUCAGUGUUAAAAACCAUCGAAAAAGAGGCAGGAAAACUGGGGAAACCAUGAAUUAAAAAACUGGAAAAACAGGCGAAAAGCAAAGAUAUAUAAAGUGUGUUAAAAAAAGAUUUAAAAAAAGAUACAAAAAGUGCAAAAGCCAAAGGUUCAAACGAGAUAUCAAAAUCGAAAGAGCGAAAGUGAUUAUAAAGUGAUCAGAUACUGG
97,Bullseye,...(((((((...))))..((((...))))..((((...)))))))........(((((((...))))..((((...))))..((((...)))))))........(((((((...))))..((((...))))..((((...)))))))........(((((((...))))..((((...))))..((((...)))))))...,AAAGUCGGAUAAAGUCCAAGUAUAAAGUGCAAGUCCAAAGGAUGACAAAAAAAACGCGCUCAAAGAGCAAGAUAAAAUAUCAAAGGGAACCCCUGCGAAAAAAAAGGCGGUCAAAGACCAAGUUGAAACAACAAAGACAAAGUCUGCCAAAAAAAACGCGGUGAAACACCAAGAUCAAAGAUCAAAGAGAAACUCUGCGAAA
98,Shooting Star,(((((((((((((((((...(.(..((.(((.(((.((....).))).)))).).)..))..))))))).(((((..(.(..((.(((.(((((.(((.((((.((....).)))).))))).))).)))).).)..))..)((....))..))))(((((((((...))))).(((((...)))))(.(....).).)))).)))).((((.((((...(((((((...))))))).(((((...)))))))))(((((((...))))))).(((((...)))))))))((((..((....))(..((..(..(.(.(((.((((.((....).)))).)))).)..)..).))..))))).)))))).,UAUCGCCCCCGUGACAUAAAGAGUGCCGUGGACCGACCGAAAGCGCGCGCCAGGAGUGCCGGAUGUCACACUCCCUGGACUGGCGAGGACCUGGACAGACCUGACCGAAAGCGCAGCGCUGCGCAGCGCCUGGACUGGCUGGCGAAAGAAGGAGCUCCGCUUAAAAUAAGCACAUACAAAGUAUGGGGGAAACGCAGGAGAGGGGACUGCAGGGGAAAUAUAAAUAAAAUUUAUAAGCUUAAAAUAAGCCCCCCCUUUUAAAAUAAAAGGACCAGGAAACCUGGGCAGGAGCAACGAAAGGUGGUUGUGGAUGAGGACCGGACCGAAAGCGCCGCGCCUGAGGCUGCUCUGCGCUCAGCGAUAA
99,Teslagon,......((.......((.((.......((.((...............)).........((...............)).)).......)).((.......((...............)).......)).((.......((.((...............)).........((...............)).)).......)).((.......((...............)).......)).((.......((.((...............)).........((...............)).)).......)).((.......((...........((...............)).)).......)).)).......))......,None
